sample_id,subject_id,face,iris,fingerprint
100_1,100,Face Iris fingerprint Data\TrainData\facedatatrain\100_1.jpg,Face Iris fingerprint Data\TrainData\Lirisdatatrain\100_1.jpg,Face Iris fingerprint Data\TrainData\Lfingerdatatrain\100_1.jpg
100_2,100,Face Iris fingerprint Data\TrainData\facedatatrain\100_2.jpg,Face Iris fingerprint Data\TrainData\Lirisdatatrain\100_2.jpg,Face Iris fingerprint Data\TrainData\Lfingerdatatrain\100_2.jpg
101_1,101,Face Iris fingerprint Data\TrainData\facedatatrain\101_1.jpg,Face Iris fingerprint Data\TrainData\Lirisdatatrain\101_1.jpg,Face Iris fingerprint Data\TrainData\Lfingerdatatrain\101_1.jpg
101_2,101,Face Iris fingerprint Data\TrainData\facedatatrain\101_2.jpg,Face Iris fingerprint Data\TrainData\Lirisdatatrain\101_2.jpg,Face Iris fingerprint Data\TrainData\Lfingerdatatrain\101_2.jpg
102_1,102,Face Iris fingerprint Data\TrainData\facedatatrain\102_1.jpg,Face Iris fingerprint Data\TrainData\Lirisdatatrain\102_1.jpg,Face Iris fingerprint Data\TrainData\Lfingerdatatrain\102_1.jpg
102_2,102,Face Iris fingerprint Data\TrainData\facedatatrain\102_2.jpg,Face Iris fingerprint Data\TrainData\Lirisdatatrain\102_2.jpg,Face Iris fingerprint Data\TrainData\Lfingerdatatrain\102_2.jpg
103_1,103,Face Iris fingerprint Data\TrainData\facedatatrain\103_1.jpg,Face Iris fingerprint Data\TrainData\Lirisdatatrain\103_1.jpg,Face Iris fingerprint Data\TrainData\Lfingerdatatrain\103_1.jpg
103_2,103,Face Iris fingerprint Data\TrainData\facedatatrain\103_2.jpg,Face Iris fingerprint Data\TrainData\Lirisdatatrain\103_2.jpg,Face Iris fingerprint Data\TrainData\Lfingerdatatrain\103_2.jpg
104_1,104,Face Iris fingerprint Data\TrainData\facedatatrain\104_1.jpg,Face Iris fingerprint Data\TrainData\Lirisdatatrain\104_1.jpg,Face Iris fingerprint Data\TrainData\Lfingerdatatrain\104_1.jpg
104_2,104,Face Iris fingerprint Data\TrainData\facedatatrain\104_2.jpg,Face Iris fingerprint Data\TrainData\Lirisdatatrain\104_2.jpg,Face Iris fingerprint Data\TrainData\Lfingerdatatrain\104_2.jpg
105_1,105,Face Iris fingerprint Data\TrainData\facedatatrain\105_1.jpg,Face Iris fingerprint Data\TrainData\Lirisdatatrain\105_1.jpg,Face Iris fingerprint Data\TrainData\Lfingerdatatrain\105_1.jpg
105_2,105,Face Iris fingerprint Data\TrainData\facedatatrain\105_2.jpg,Face Iris fingerprint Data\TrainData\Lirisdatatrain\105_2.jpg,Face Iris fingerprint Data\TrainData\Lfingerdatatrain\105_2.jpg
106_1,106,Face Iris fingerprint Data\TrainData\facedatatrain\106_1.jpg,Face Iris fingerprint Data\TrainData\Lirisdatatrain\106_1.jpg,Face Iris fingerprint Data\TrainData\Lfingerdatatrain\106_1.jpg
106_2,106,Face Iris fingerprint Data\TrainData\facedatatrain\106_2.jpg,Face Iris fingerprint Data\TrainData\Lirisdatatrain\106_2.jpg,Face Iris fingerprint Data\TrainData\Lfingerdatatrain\106_2.jpg
107_1,107,Face Iris fingerprint Data\TrainData\facedatatrain\107_1.jpg,Face Iris fingerprint Data\TrainData\Lirisdatatrain\107_1.jpg,Face Iris fingerprint Data\TrainData\Lfingerdatatrain\107_1.jpg
107_2,107,Face Iris fingerprint Data\TrainData\facedatatrain\107_2.jpg,Face Iris fingerprint Data\TrainData\Lirisdatatrain\107_2.jpg,Face Iris fingerprint Data\TrainData\Lfingerdatatrain\107_2.jpg
108_1,108,Face Iris fingerprint Data\TrainData\facedatatrain\108_1.jpg,Face Iris fingerprint Data\TrainData\Lirisdatatrain\108_1.jpg,Face Iris fingerprint Data\TrainData\Lfingerdatatrain\108_1.jpg
108_2,108,Face Iris fingerprint Data\TrainData\facedatatrain\108_2.jpg,Face Iris fingerprint Data\TrainData\Lirisdatatrain\108_2.jpg,Face Iris fingerprint Data\TrainData\Lfingerdatatrain\108_2.jpg
109_1,109,Face Iris fingerprint Data\TrainData\facedatatrain\109_1.jpg,Face Iris fingerprint Data\TrainData\Lirisdatatrain\109_1.jpg,Face Iris fingerprint Data\TrainData\Lfingerdatatrain\109_1.jpg
109_2,109,Face Iris fingerprint Data\TrainData\facedatatrain\109_2.jpg,Face Iris fingerprint Data\TrainData\Lirisdatatrain\109_2.jpg,Face Iris fingerprint Data\TrainData\Lfingerdatatrain\109_2.jpg
10_1,10,Face Iris fingerprint Data\TrainData\facedatatrain\10_1.jpg,Face Iris fingerprint Data\TrainData\Lirisdatatrain\10_1.jpg,Face Iris fingerprint Data\TrainData\Lfingerdatatrain\10_1.jpg
10_2,10,Face Iris fingerprint Data\TrainData\facedatatrain\10_2.jpg,Face Iris fingerprint Data\TrainData\Lirisdatatrain\10_2.jpg,Face Iris fingerprint Data\TrainData\Lfingerdatatrain\10_2.jpg
110_1,110,Face Iris fingerprint Data\TrainData\facedatatrain\110_1.jpg,Face Iris fingerprint Data\TrainData\Lirisdatatrain\110_1.jpg,Face Iris fingerprint Data\TrainData\Lfingerdatatrain\110_1.jpg
110_2,110,Face Iris fingerprint Data\TrainData\facedatatrain\110_2.jpg,Face Iris fingerprint Data\TrainData\Lirisdatatrain\110_2.jpg,Face Iris fingerprint Data\TrainData\Lfingerdatatrain\110_2.jpg
111_1,111,Face Iris fingerprint Data\TrainData\facedatatrain\111_1.jpg,Face Iris fingerprint Data\TrainData\Lirisdatatrain\111_1.jpg,Face Iris fingerprint Data\TrainData\Lfingerdatatrain\111_1.jpg
111_2,111,Face Iris fingerprint Data\TrainData\facedatatrain\111_2.jpg,Face Iris fingerprint Data\TrainData\Lirisdatatrain\111_2.jpg,Face Iris fingerprint Data\TrainData\Lfingerdatatrain\111_2.jpg
112_1,112,Face Iris fingerprint Data\TrainData\facedatatrain\112_1.jpg,Face Iris fingerprint Data\TrainData\Lirisdatatrain\112_1.jpg,Face Iris fingerprint Data\TrainData\Lfingerdatatrain\112_1.jpg
112_2,112,Face Iris fingerprint Data\TrainData\facedatatrain\112_2.jpg,Face Iris fingerprint Data\TrainData\Lirisdatatrain\112_2.jpg,Face Iris fingerprint Data\TrainData\Lfingerdatatrain\112_2.jpg
113_1,113,Face Iris fingerprint Data\TrainData\facedatatrain\113_1.jpg,Face Iris fingerprint Data\TrainData\Lirisdatatrain\113_1.jpg,Face Iris fingerprint Data\TrainData\Lfingerdatatrain\113_1.jpg
113_2,113,Face Iris fingerprint Data\TrainData\facedatatrain\113_2.jpg,Face Iris fingerprint Data\TrainData\Lirisdatatrain\113_2.jpg,Face Iris fingerprint Data\TrainData\Lfingerdatatrain\113_2.jpg
114_1,114,Face Iris fingerprint Data\TrainData\facedatatrain\114_1.jpg,Face Iris fingerprint Data\TrainData\Lirisdatatrain\114_1.jpg,Face Iris fingerprint Data\TrainData\Lfingerdatatrain\114_1.jpg
114_2,114,Face Iris fingerprint Data\TrainData\facedatatrain\114_2.jpg,Face Iris fingerprint Data\TrainData\Lirisdatatrain\114_2.jpg,Face Iris fingerprint Data\TrainData\Lfingerdatatrain\114_2.jpg
115_1,115,Face Iris fingerprint Data\TrainData\facedatatrain\115_1.jpg,Face Iris fingerprint Data\TrainData\Lirisdatatrain\115_1.jpg,Face Iris fingerprint Data\TrainData\Lfingerdatatrain\115_1.jpg
115_2,115,Face Iris fingerprint Data\TrainData\facedatatrain\115_2.jpg,Face Iris fingerprint Data\TrainData\Lirisdatatrain\115_2.jpg,Face Iris fingerprint Data\TrainData\Lfingerdatatrain\115_2.jpg
116_1,116,Face Iris fingerprint Data\TrainData\facedatatrain\116_1.jpg,Face Iris fingerprint Data\TrainData\Lirisdatatrain\116_1.jpg,Face Iris fingerprint Data\TrainData\Lfingerdatatrain\116_1.jpg
116_2,116,Face Iris fingerprint Data\TrainData\facedatatrain\116_2.jpg,Face Iris fingerprint Data\TrainData\Lirisdatatrain\116_2.jpg,Face Iris fingerprint Data\TrainData\Lfingerdatatrain\116_2.jpg
117_1,117,Face Iris fingerprint Data\TrainData\facedatatrain\117_1.jpg,Face Iris fingerprint Data\TrainData\Lirisdatatrain\117_1.jpg,Face Iris fingerprint Data\TrainData\Lfingerdatatrain\117_1.jpg
117_2,117,Face Iris fingerprint Data\TrainData\facedatatrain\117_2.jpg,Face Iris fingerprint Data\TrainData\Lirisdatatrain\117_2.jpg,Face Iris fingerprint Data\TrainData\Lfingerdatatrain\117_2.jpg
118_1,118,Face Iris fingerprint Data\TrainData\facedatatrain\118_1.jpg,Face Iris fingerprint Data\TrainData\Lirisdatatrain\118_1.jpg,Face Iris fingerprint Data\TrainData\Lfingerdatatrain\118_1.jpg
118_2,118,Face Iris fingerprint Data\TrainData\facedatatrain\118_2.jpg,Face Iris fingerprint Data\TrainData\Lirisdatatrain\118_2.jpg,Face Iris fingerprint Data\TrainData\Lfingerdatatrain\118_2.jpg
119_1,119,Face Iris fingerprint Data\TrainData\facedatatrain\119_1.jpg,Face Iris fingerprint Data\TrainData\Lirisdatatrain\119_1.jpg,Face Iris fingerprint Data\TrainData\Lfingerdatatrain\119_1.jpg
119_2,119,Face Iris fingerprint Data\TrainData\facedatatrain\119_2.jpg,Face Iris fingerprint Data\TrainData\Lirisdatatrain\119_2.jpg,Face Iris fingerprint Data\TrainData\Lfingerdatatrain\119_2.jpg
11_1,11,Face Iris fingerprint Data\TrainData\facedatatrain\11_1.jpg,Face Iris fingerprint Data\TrainData\Lirisdatatrain\11_1.jpg,Face Iris fingerprint Data\TrainData\Lfingerdatatrain\11_1.jpg
11_2,11,Face Iris fingerprint Data\TrainData\facedatatrain\11_2.jpg,Face Iris fingerprint Data\TrainData\Lirisdatatrain\11_2.jpg,Face Iris fingerprint Data\TrainData\Lfingerdatatrain\11_2.jpg
120_1,120,Face Iris fingerprint Data\TrainData\facedatatrain\120_1.jpg,Face Iris fingerprint Data\TrainData\Lirisdatatrain\120_1.jpg,Face Iris fingerprint Data\TrainData\Lfingerdatatrain\120_1.jpg
120_2,120,Face Iris fingerprint Data\TrainData\facedatatrain\120_2.jpg,Face Iris fingerprint Data\TrainData\Lirisdatatrain\120_2.jpg,Face Iris fingerprint Data\TrainData\Lfingerdatatrain\120_2.jpg
121_1,121,Face Iris fingerprint Data\TrainData\facedatatrain\121_1.jpg,Face Iris fingerprint Data\TrainData\Lirisdatatrain\121_1.jpg,Face Iris fingerprint Data\TrainData\Lfingerdatatrain\121_1.jpg
121_2,121,Face Iris fingerprint Data\TrainData\facedatatrain\121_2.jpg,Face Iris fingerprint Data\TrainData\Lirisdatatrain\121_2.jpg,Face Iris fingerprint Data\TrainData\Lfingerdatatrain\121_2.jpg
122_1,122,Face Iris fingerprint Data\TrainData\facedatatrain\122_1.jpg,Face Iris fingerprint Data\TrainData\Lirisdatatrain\122_1.jpg,Face Iris fingerprint Data\TrainData\Lfingerdatatrain\122_1.jpg
122_2,122,Face Iris fingerprint Data\TrainData\facedatatrain\122_2.jpg,Face Iris fingerprint Data\TrainData\Lirisdatatrain\122_2.jpg,Face Iris fingerprint Data\TrainData\Lfingerdatatrain\122_2.jpg
123_1,123,Face Iris fingerprint Data\TrainData\facedatatrain\123_1.jpg,Face Iris fingerprint Data\TrainData\Lirisdatatrain\123_1.jpg,Face Iris fingerprint Data\TrainData\Lfingerdatatrain\123_1.jpg
123_2,123,Face Iris fingerprint Data\TrainData\facedatatrain\123_2.jpg,Face Iris fingerprint Data\TrainData\Lirisdatatrain\123_2.jpg,Face Iris fingerprint Data\TrainData\Lfingerdatatrain\123_2.jpg
124_1,124,Face Iris fingerprint Data\TrainData\facedatatrain\124_1.jpg,Face Iris fingerprint Data\TrainData\Lirisdatatrain\124_1.jpg,Face Iris fingerprint Data\TrainData\Lfingerdatatrain\124_1.jpg
124_2,124,Face Iris fingerprint Data\TrainData\facedatatrain\124_2.jpg,Face Iris fingerprint Data\TrainData\Lirisdatatrain\124_2.jpg,Face Iris fingerprint Data\TrainData\Lfingerdatatrain\124_2.jpg
125_1,125,Face Iris fingerprint Data\TrainData\facedatatrain\125_1.jpg,Face Iris fingerprint Data\TrainData\Lirisdatatrain\125_1.jpg,Face Iris fingerprint Data\TrainData\Lfingerdatatrain\125_1.jpg
125_2,125,Face Iris fingerprint Data\TrainData\facedatatrain\125_2.jpg,Face Iris fingerprint Data\TrainData\Lirisdatatrain\125_2.jpg,Face Iris fingerprint Data\TrainData\Lfingerdatatrain\125_2.jpg
126_1,126,Face Iris fingerprint Data\TrainData\facedatatrain\126_1.jpg,Face Iris fingerprint Data\TrainData\Lirisdatatrain\126_1.jpg,Face Iris fingerprint Data\TrainData\Lfingerdatatrain\126_1.jpg
126_2,126,Face Iris fingerprint Data\TrainData\facedatatrain\126_2.jpg,Face Iris fingerprint Data\TrainData\Lirisdatatrain\126_2.jpg,Face Iris fingerprint Data\TrainData\Lfingerdatatrain\126_2.jpg
127_1,127,Face Iris fingerprint Data\TrainData\facedatatrain\127_1.jpg,Face Iris fingerprint Data\TrainData\Lirisdatatrain\127_1.jpg,Face Iris fingerprint Data\TrainData\Lfingerdatatrain\127_1.jpg
127_2,127,Face Iris fingerprint Data\TrainData\facedatatrain\127_2.jpg,Face Iris fingerprint Data\TrainData\Lirisdatatrain\127_2.jpg,Face Iris fingerprint Data\TrainData\Lfingerdatatrain\127_2.jpg
128_1,128,Face Iris fingerprint Data\TrainData\facedatatrain\128_1.jpg,Face Iris fingerprint Data\TrainData\Lirisdatatrain\128_1.jpg,Face Iris fingerprint Data\TrainData\Lfingerdatatrain\128_1.jpg
128_2,128,Face Iris fingerprint Data\TrainData\facedatatrain\128_2.jpg,Face Iris fingerprint Data\TrainData\Lirisdatatrain\128_2.jpg,Face Iris fingerprint Data\TrainData\Lfingerdatatrain\128_2.jpg
129_1,129,Face Iris fingerprint Data\TrainData\facedatatrain\129_1.jpg,Face Iris fingerprint Data\TrainData\Lirisdatatrain\129_1.jpg,Face Iris fingerprint Data\TrainData\Lfingerdatatrain\129_1.jpg
129_2,129,Face Iris fingerprint Data\TrainData\facedatatrain\129_2.jpg,Face Iris fingerprint Data\TrainData\Lirisdatatrain\129_2.jpg,Face Iris fingerprint Data\TrainData\Lfingerdatatrain\129_2.jpg
12_1,12,Face Iris fingerprint Data\TrainData\facedatatrain\12_1.jpg,Face Iris fingerprint Data\TrainData\Lirisdatatrain\12_1.jpg,Face Iris fingerprint Data\TrainData\Lfingerdatatrain\12_1.jpg
12_2,12,Face Iris fingerprint Data\TrainData\facedatatrain\12_2.jpg,Face Iris fingerprint Data\TrainData\Lirisdatatrain\12_2.jpg,Face Iris fingerprint Data\TrainData\Lfingerdatatrain\12_2.jpg
130_1,130,Face Iris fingerprint Data\TrainData\facedatatrain\130_1.jpg,Face Iris fingerprint Data\TrainData\Lirisdatatrain\130_1.jpg,Face Iris fingerprint Data\TrainData\Lfingerdatatrain\130_1.jpg
130_2,130,Face Iris fingerprint Data\TrainData\facedatatrain\130_2.jpg,Face Iris fingerprint Data\TrainData\Lirisdatatrain\130_2.jpg,Face Iris fingerprint Data\TrainData\Lfingerdatatrain\130_2.jpg
131_1,131,Face Iris fingerprint Data\TrainData\facedatatrain\131_1.jpg,Face Iris fingerprint Data\TrainData\Lirisdatatrain\131_1.jpg,Face Iris fingerprint Data\TrainData\Lfingerdatatrain\131_1.jpg
131_2,131,Face Iris fingerprint Data\TrainData\facedatatrain\131_2.jpg,Face Iris fingerprint Data\TrainData\Lirisdatatrain\131_2.jpg,Face Iris fingerprint Data\TrainData\Lfingerdatatrain\131_2.jpg
132_1,132,Face Iris fingerprint Data\TrainData\facedatatrain\132_1.jpg,Face Iris fingerprint Data\TrainData\Lirisdatatrain\132_1.jpg,Face Iris fingerprint Data\TrainData\Lfingerdatatrain\132_1.jpg
132_2,132,Face Iris fingerprint Data\TrainData\facedatatrain\132_2.jpg,Face Iris fingerprint Data\TrainData\Lirisdatatrain\132_2.jpg,Face Iris fingerprint Data\TrainData\Lfingerdatatrain\132_2.jpg
133_1,133,Face Iris fingerprint Data\TrainData\facedatatrain\133_1.jpg,Face Iris fingerprint Data\TrainData\Lirisdatatrain\133_1.jpg,Face Iris fingerprint Data\TrainData\Lfingerdatatrain\133_1.jpg
133_2,133,Face Iris fingerprint Data\TrainData\facedatatrain\133_2.jpg,Face Iris fingerprint Data\TrainData\Lirisdatatrain\133_2.jpg,Face Iris fingerprint Data\TrainData\Lfingerdatatrain\133_2.jpg
134_1,134,Face Iris fingerprint Data\TrainData\facedatatrain\134_1.jpg,Face Iris fingerprint Data\TrainData\Lirisdatatrain\134_1.jpg,Face Iris fingerprint Data\TrainData\Lfingerdatatrain\134_1.jpg
134_2,134,Face Iris fingerprint Data\TrainData\facedatatrain\134_2.jpg,Face Iris fingerprint Data\TrainData\Lirisdatatrain\134_2.jpg,Face Iris fingerprint Data\TrainData\Lfingerdatatrain\134_2.jpg
135_1,135,Face Iris fingerprint Data\TrainData\facedatatrain\135_1.jpg,Face Iris fingerprint Data\TrainData\Lirisdatatrain\135_1.jpg,Face Iris fingerprint Data\TrainData\Lfingerdatatrain\135_1.jpg
135_2,135,Face Iris fingerprint Data\TrainData\facedatatrain\135_2.jpg,Face Iris fingerprint Data\TrainData\Lirisdatatrain\135_2.jpg,Face Iris fingerprint Data\TrainData\Lfingerdatatrain\135_2.jpg
136_1,136,Face Iris fingerprint Data\TrainData\facedatatrain\136_1.jpg,Face Iris fingerprint Data\TrainData\Lirisdatatrain\136_1.jpg,Face Iris fingerprint Data\TrainData\Lfingerdatatrain\136_1.jpg
136_2,136,Face Iris fingerprint Data\TrainData\facedatatrain\136_2.jpg,Face Iris fingerprint Data\TrainData\Lirisdatatrain\136_2.jpg,Face Iris fingerprint Data\TrainData\Lfingerdatatrain\136_2.jpg
137_1,137,Face Iris fingerprint Data\TrainData\facedatatrain\137_1.jpg,Face Iris fingerprint Data\TrainData\Lirisdatatrain\137_1.jpg,Face Iris fingerprint Data\TrainData\Lfingerdatatrain\137_1.jpg
137_2,137,Face Iris fingerprint Data\TrainData\facedatatrain\137_2.jpg,Face Iris fingerprint Data\TrainData\Lirisdatatrain\137_2.jpg,Face Iris fingerprint Data\TrainData\Lfingerdatatrain\137_2.jpg
138_1,138,Face Iris fingerprint Data\TrainData\facedatatrain\138_1.jpg,Face Iris fingerprint Data\TrainData\Lirisdatatrain\138_1.jpg,Face Iris fingerprint Data\TrainData\Lfingerdatatrain\138_1.jpg
138_2,138,Face Iris fingerprint Data\TrainData\facedatatrain\138_2.jpg,Face Iris fingerprint Data\TrainData\Lirisdatatrain\138_2.jpg,Face Iris fingerprint Data\TrainData\Lfingerdatatrain\138_2.jpg
139_1,139,Face Iris fingerprint Data\TrainData\facedatatrain\139_1.jpg,Face Iris fingerprint Data\TrainData\Lirisdatatrain\139_1.jpg,Face Iris fingerprint Data\TrainData\Lfingerdatatrain\139_1.jpg
139_2,139,Face Iris fingerprint Data\TrainData\facedatatrain\139_2.jpg,Face Iris fingerprint Data\TrainData\Lirisdatatrain\139_2.jpg,Face Iris fingerprint Data\TrainData\Lfingerdatatrain\139_2.jpg
13_1,13,Face Iris fingerprint Data\TrainData\facedatatrain\13_1.jpg,Face Iris fingerprint Data\TrainData\Lirisdatatrain\13_1.jpg,Face Iris fingerprint Data\TrainData\Lfingerdatatrain\13_1.jpg
13_2,13,Face Iris fingerprint Data\TrainData\facedatatrain\13_2.jpg,Face Iris fingerprint Data\TrainData\Lirisdatatrain\13_2.jpg,Face Iris fingerprint Data\TrainData\Lfingerdatatrain\13_2.jpg
140_1,140,Face Iris fingerprint Data\TrainData\facedatatrain\140_1.jpg,Face Iris fingerprint Data\TrainData\Lirisdatatrain\140_1.jpg,Face Iris fingerprint Data\TrainData\Lfingerdatatrain\140_1.jpg
140_2,140,Face Iris fingerprint Data\TrainData\facedatatrain\140_2.jpg,Face Iris fingerprint Data\TrainData\Lirisdatatrain\140_2.jpg,Face Iris fingerprint Data\TrainData\Lfingerdatatrain\140_2.jpg
141_1,141,Face Iris fingerprint Data\TrainData\facedatatrain\141_1.jpg,Face Iris fingerprint Data\TrainData\Lirisdatatrain\141_1.jpg,Face Iris fingerprint Data\TrainData\Lfingerdatatrain\141_1.jpg
141_2,141,Face Iris fingerprint Data\TrainData\facedatatrain\141_2.jpg,Face Iris fingerprint Data\TrainData\Lirisdatatrain\141_2.jpg,Face Iris fingerprint Data\TrainData\Lfingerdatatrain\141_2.jpg
142_1,142,Face Iris fingerprint Data\TrainData\facedatatrain\142_1.jpg,Face Iris fingerprint Data\TrainData\Lirisdatatrain\142_1.jpg,Face Iris fingerprint Data\TrainData\Lfingerdatatrain\142_1.jpg
142_2,142,Face Iris fingerprint Data\TrainData\facedatatrain\142_2.jpg,Face Iris fingerprint Data\TrainData\Lirisdatatrain\142_2.jpg,Face Iris fingerprint Data\TrainData\Lfingerdatatrain\142_2.jpg
143_1,143,Face Iris fingerprint Data\TrainData\facedatatrain\143_1.jpg,Face Iris fingerprint Data\TrainData\Lirisdatatrain\143_1.jpg,Face Iris fingerprint Data\TrainData\Lfingerdatatrain\143_1.jpg
143_2,143,Face Iris fingerprint Data\TrainData\facedatatrain\143_2.jpg,Face Iris fingerprint Data\TrainData\Lirisdatatrain\143_2.jpg,Face Iris fingerprint Data\TrainData\Lfingerdatatrain\143_2.jpg
144_1,144,Face Iris fingerprint Data\TrainData\facedatatrain\144_1.jpg,Face Iris fingerprint Data\TrainData\Lirisdatatrain\144_1.jpg,Face Iris fingerprint Data\TrainData\Lfingerdatatrain\144_1.jpg
144_2,144,Face Iris fingerprint Data\TrainData\facedatatrain\144_2.jpg,Face Iris fingerprint Data\TrainData\Lirisdatatrain\144_2.jpg,Face Iris fingerprint Data\TrainData\Lfingerdatatrain\144_2.jpg
145_1,145,Face Iris fingerprint Data\TrainData\facedatatrain\145_1.jpg,Face Iris fingerprint Data\TrainData\Lirisdatatrain\145_1.jpg,Face Iris fingerprint Data\TrainData\Lfingerdatatrain\145_1.jpg
145_2,145,Face Iris fingerprint Data\TrainData\facedatatrain\145_2.jpg,Face Iris fingerprint Data\TrainData\Lirisdatatrain\145_2.jpg,Face Iris fingerprint Data\TrainData\Lfingerdatatrain\145_2.jpg
146_1,146,Face Iris fingerprint Data\TrainData\facedatatrain\146_1.jpg,Face Iris fingerprint Data\TrainData\Lirisdatatrain\146_1.jpg,Face Iris fingerprint Data\TrainData\Lfingerdatatrain\146_1.jpg
146_2,146,Face Iris fingerprint Data\TrainData\facedatatrain\146_2.jpg,Face Iris fingerprint Data\TrainData\Lirisdatatrain\146_2.jpg,Face Iris fingerprint Data\TrainData\Lfingerdatatrain\146_2.jpg
147_1,147,Face Iris fingerprint Data\TrainData\facedatatrain\147_1.jpg,Face Iris fingerprint Data\TrainData\Lirisdatatrain\147_1.jpg,Face Iris fingerprint Data\TrainData\Lfingerdatatrain\147_1.jpg
147_2,147,Face Iris fingerprint Data\TrainData\facedatatrain\147_2.jpg,Face Iris fingerprint Data\TrainData\Lirisdatatrain\147_2.jpg,Face Iris fingerprint Data\TrainData\Lfingerdatatrain\147_2.jpg
148_1,148,Face Iris fingerprint Data\TrainData\facedatatrain\148_1.jpg,Face Iris fingerprint Data\TrainData\Lirisdatatrain\148_1.jpg,Face Iris fingerprint Data\TrainData\Lfingerdatatrain\148_1.jpg
148_2,148,Face Iris fingerprint Data\TrainData\facedatatrain\148_2.jpg,Face Iris fingerprint Data\TrainData\Lirisdatatrain\148_2.jpg,Face Iris fingerprint Data\TrainData\Lfingerdatatrain\148_2.jpg
149_1,149,Face Iris fingerprint Data\TrainData\facedatatrain\149_1.jpg,Face Iris fingerprint Data\TrainData\Lirisdatatrain\149_1.jpg,Face Iris fingerprint Data\TrainData\Lfingerdatatrain\149_1.jpg
149_2,149,Face Iris fingerprint Data\TrainData\facedatatrain\149_2.jpg,Face Iris fingerprint Data\TrainData\Lirisdatatrain\149_2.jpg,Face Iris fingerprint Data\TrainData\Lfingerdatatrain\149_2.jpg
14_1,14,Face Iris fingerprint Data\TrainData\facedatatrain\14_1.jpg,Face Iris fingerprint Data\TrainData\Lirisdatatrain\14_1.jpg,Face Iris fingerprint Data\TrainData\Lfingerdatatrain\14_1.jpg
14_2,14,Face Iris fingerprint Data\TrainData\facedatatrain\14_2.jpg,Face Iris fingerprint Data\TrainData\Lirisdatatrain\14_2.jpg,Face Iris fingerprint Data\TrainData\Lfingerdatatrain\14_2.jpg
150_1,150,Face Iris fingerprint Data\TrainData\facedatatrain\150_1.jpg,Face Iris fingerprint Data\TrainData\Lirisdatatrain\150_1.jpg,Face Iris fingerprint Data\TrainData\Lfingerdatatrain\150_1.jpg
150_2,150,Face Iris fingerprint Data\TrainData\facedatatrain\150_2.jpg,Face Iris fingerprint Data\TrainData\Lirisdatatrain\150_2.jpg,Face Iris fingerprint Data\TrainData\Lfingerdatatrain\150_2.jpg
151_1,151,Face Iris fingerprint Data\TrainData\facedatatrain\151_1.jpg,Face Iris fingerprint Data\TrainData\Lirisdatatrain\151_1.jpg,Face Iris fingerprint Data\TrainData\Lfingerdatatrain\151_1.jpg
151_2,151,Face Iris fingerprint Data\TrainData\facedatatrain\151_2.jpg,Face Iris fingerprint Data\TrainData\Lirisdatatrain\151_2.jpg,Face Iris fingerprint Data\TrainData\Lfingerdatatrain\151_2.jpg
152_1,152,Face Iris fingerprint Data\TrainData\facedatatrain\152_1.jpg,Face Iris fingerprint Data\TrainData\Lirisdatatrain\152_1.jpg,Face Iris fingerprint Data\TrainData\Lfingerdatatrain\152_1.jpg
152_2,152,Face Iris fingerprint Data\TrainData\facedatatrain\152_2.jpg,Face Iris fingerprint Data\TrainData\Lirisdatatrain\152_2.jpg,Face Iris fingerprint Data\TrainData\Lfingerdatatrain\152_2.jpg
153_1,153,Face Iris fingerprint Data\TrainData\facedatatrain\153_1.jpg,Face Iris fingerprint Data\TrainData\Lirisdatatrain\153_1.jpg,Face Iris fingerprint Data\TrainData\Lfingerdatatrain\153_1.jpg
153_2,153,Face Iris fingerprint Data\TrainData\facedatatrain\153_2.jpg,Face Iris fingerprint Data\TrainData\Lirisdatatrain\153_2.jpg,Face Iris fingerprint Data\TrainData\Lfingerdatatrain\153_2.jpg
154_1,154,Face Iris fingerprint Data\TrainData\facedatatrain\154_1.jpg,Face Iris fingerprint Data\TrainData\Lirisdatatrain\154_1.jpg,Face Iris fingerprint Data\TrainData\Lfingerdatatrain\154_1.jpg
154_2,154,Face Iris fingerprint Data\TrainData\facedatatrain\154_2.jpg,Face Iris fingerprint Data\TrainData\Lirisdatatrain\154_2.jpg,Face Iris fingerprint Data\TrainData\Lfingerdatatrain\154_2.jpg
155_1,155,Face Iris fingerprint Data\TrainData\facedatatrain\155_1.jpg,Face Iris fingerprint Data\TrainData\Lirisdatatrain\155_1.jpg,Face Iris fingerprint Data\TrainData\Lfingerdatatrain\155_1.jpg
155_2,155,Face Iris fingerprint Data\TrainData\facedatatrain\155_2.jpg,Face Iris fingerprint Data\TrainData\Lirisdatatrain\155_2.jpg,Face Iris fingerprint Data\TrainData\Lfingerdatatrain\155_2.jpg
156_1,156,Face Iris fingerprint Data\TrainData\facedatatrain\156_1.jpg,Face Iris fingerprint Data\TrainData\Lirisdatatrain\156_1.jpg,Face Iris fingerprint Data\TrainData\Lfingerdatatrain\156_1.jpg
156_2,156,Face Iris fingerprint Data\TrainData\facedatatrain\156_2.jpg,Face Iris fingerprint Data\TrainData\Lirisdatatrain\156_2.jpg,Face Iris fingerprint Data\TrainData\Lfingerdatatrain\156_2.jpg
157_1,157,Face Iris fingerprint Data\TrainData\facedatatrain\157_1.jpg,Face Iris fingerprint Data\TrainData\Lirisdatatrain\157_1.jpg,Face Iris fingerprint Data\TrainData\Lfingerdatatrain\157_1.jpg
157_2,157,Face Iris fingerprint Data\TrainData\facedatatrain\157_2.jpg,Face Iris fingerprint Data\TrainData\Lirisdatatrain\157_2.jpg,Face Iris fingerprint Data\TrainData\Lfingerdatatrain\157_2.jpg
158_1,158,Face Iris fingerprint Data\TrainData\facedatatrain\158_1.jpg,Face Iris fingerprint Data\TrainData\Lirisdatatrain\158_1.jpg,Face Iris fingerprint Data\TrainData\Lfingerdatatrain\158_1.jpg
158_2,158,Face Iris fingerprint Data\TrainData\facedatatrain\158_2.jpg,Face Iris fingerprint Data\TrainData\Lirisdatatrain\158_2.jpg,Face Iris fingerprint Data\TrainData\Lfingerdatatrain\158_2.jpg
159_1,159,Face Iris fingerprint Data\TrainData\facedatatrain\159_1.jpg,Face Iris fingerprint Data\TrainData\Lirisdatatrain\159_1.jpg,Face Iris fingerprint Data\TrainData\Lfingerdatatrain\159_1.jpg
159_2,159,Face Iris fingerprint Data\TrainData\facedatatrain\159_2.jpg,Face Iris fingerprint Data\TrainData\Lirisdatatrain\159_2.jpg,Face Iris fingerprint Data\TrainData\Lfingerdatatrain\159_2.jpg
15_1,15,Face Iris fingerprint Data\TrainData\facedatatrain\15_1.jpg,Face Iris fingerprint Data\TrainData\Lirisdatatrain\15_1.jpg,Face Iris fingerprint Data\TrainData\Lfingerdatatrain\15_1.jpg
15_2,15,Face Iris fingerprint Data\TrainData\facedatatrain\15_2.jpg,Face Iris fingerprint Data\TrainData\Lirisdatatrain\15_2.jpg,Face Iris fingerprint Data\TrainData\Lfingerdatatrain\15_2.jpg
160_1,160,Face Iris fingerprint Data\TrainData\facedatatrain\160_1.jpg,Face Iris fingerprint Data\TrainData\Lirisdatatrain\160_1.jpg,Face Iris fingerprint Data\TrainData\Lfingerdatatrain\160_1.jpg
160_2,160,Face Iris fingerprint Data\TrainData\facedatatrain\160_2.jpg,Face Iris fingerprint Data\TrainData\Lirisdatatrain\160_2.jpg,Face Iris fingerprint Data\TrainData\Lfingerdatatrain\160_2.jpg
161_1,161,Face Iris fingerprint Data\TrainData\facedatatrain\161_1.jpg,Face Iris fingerprint Data\TrainData\Lirisdatatrain\161_1.jpg,Face Iris fingerprint Data\TrainData\Lfingerdatatrain\161_1.jpg
161_2,161,Face Iris fingerprint Data\TrainData\facedatatrain\161_2.jpg,Face Iris fingerprint Data\TrainData\Lirisdatatrain\161_2.jpg,Face Iris fingerprint Data\TrainData\Lfingerdatatrain\161_2.jpg
162_1,162,Face Iris fingerprint Data\TrainData\facedatatrain\162_1.jpg,Face Iris fingerprint Data\TrainData\Lirisdatatrain\162_1.jpg,Face Iris fingerprint Data\TrainData\Lfingerdatatrain\162_1.jpg
162_2,162,Face Iris fingerprint Data\TrainData\facedatatrain\162_2.jpg,Face Iris fingerprint Data\TrainData\Lirisdatatrain\162_2.jpg,Face Iris fingerprint Data\TrainData\Lfingerdatatrain\162_2.jpg
163_1,163,Face Iris fingerprint Data\TrainData\facedatatrain\163_1.jpg,Face Iris fingerprint Data\TrainData\Lirisdatatrain\163_1.jpg,Face Iris fingerprint Data\TrainData\Lfingerdatatrain\163_1.jpg
163_2,163,Face Iris fingerprint Data\TrainData\facedatatrain\163_2.jpg,Face Iris fingerprint Data\TrainData\Lirisdatatrain\163_2.jpg,Face Iris fingerprint Data\TrainData\Lfingerdatatrain\163_2.jpg
164_1,164,Face Iris fingerprint Data\TrainData\facedatatrain\164_1.jpg,Face Iris fingerprint Data\TrainData\Lirisdatatrain\164_1.jpg,Face Iris fingerprint Data\TrainData\Lfingerdatatrain\164_1.jpg
164_2,164,Face Iris fingerprint Data\TrainData\facedatatrain\164_2.jpg,Face Iris fingerprint Data\TrainData\Lirisdatatrain\164_2.jpg,Face Iris fingerprint Data\TrainData\Lfingerdatatrain\164_2.jpg
165_1,165,Face Iris fingerprint Data\TrainData\facedatatrain\165_1.jpg,Face Iris fingerprint Data\TrainData\Lirisdatatrain\165_1.jpg,Face Iris fingerprint Data\TrainData\Lfingerdatatrain\165_1.jpg
165_2,165,Face Iris fingerprint Data\TrainData\facedatatrain\165_2.jpg,Face Iris fingerprint Data\TrainData\Lirisdatatrain\165_2.jpg,Face Iris fingerprint Data\TrainData\Lfingerdatatrain\165_2.jpg
166_1,166,Face Iris fingerprint Data\TrainData\facedatatrain\166_1.jpg,Face Iris fingerprint Data\TrainData\Lirisdatatrain\166_1.jpg,Face Iris fingerprint Data\TrainData\Lfingerdatatrain\166_1.jpg
166_2,166,Face Iris fingerprint Data\TrainData\facedatatrain\166_2.jpg,Face Iris fingerprint Data\TrainData\Lirisdatatrain\166_2.jpg,Face Iris fingerprint Data\TrainData\Lfingerdatatrain\166_2.jpg
167_1,167,Face Iris fingerprint Data\TrainData\facedatatrain\167_1.jpg,Face Iris fingerprint Data\TrainData\Lirisdatatrain\167_1.jpg,Face Iris fingerprint Data\TrainData\Lfingerdatatrain\167_1.jpg
167_2,167,Face Iris fingerprint Data\TrainData\facedatatrain\167_2.jpg,Face Iris fingerprint Data\TrainData\Lirisdatatrain\167_2.jpg,Face Iris fingerprint Data\TrainData\Lfingerdatatrain\167_2.jpg
168_1,168,Face Iris fingerprint Data\TrainData\facedatatrain\168_1.jpg,Face Iris fingerprint Data\TrainData\Lirisdatatrain\168_1.jpg,Face Iris fingerprint Data\TrainData\Lfingerdatatrain\168_1.jpg
168_2,168,Face Iris fingerprint Data\TrainData\facedatatrain\168_2.jpg,Face Iris fingerprint Data\TrainData\Lirisdatatrain\168_2.jpg,Face Iris fingerprint Data\TrainData\Lfingerdatatrain\168_2.jpg
169_1,169,Face Iris fingerprint Data\TrainData\facedatatrain\169_1.jpg,Face Iris fingerprint Data\TrainData\Lirisdatatrain\169_1.jpg,Face Iris fingerprint Data\TrainData\Lfingerdatatrain\169_1.jpg
169_2,169,Face Iris fingerprint Data\TrainData\facedatatrain\169_2.jpg,Face Iris fingerprint Data\TrainData\Lirisdatatrain\169_2.jpg,Face Iris fingerprint Data\TrainData\Lfingerdatatrain\169_2.jpg
16_1,16,Face Iris fingerprint Data\TrainData\facedatatrain\16_1.jpg,Face Iris fingerprint Data\TrainData\Lirisdatatrain\16_1.jpg,Face Iris fingerprint Data\TrainData\Lfingerdatatrain\16_1.jpg
16_2,16,Face Iris fingerprint Data\TrainData\facedatatrain\16_2.jpg,Face Iris fingerprint Data\TrainData\Lirisdatatrain\16_2.jpg,Face Iris fingerprint Data\TrainData\Lfingerdatatrain\16_2.jpg
170_1,170,Face Iris fingerprint Data\TrainData\facedatatrain\170_1.jpg,Face Iris fingerprint Data\TrainData\Lirisdatatrain\170_1.jpg,Face Iris fingerprint Data\TrainData\Lfingerdatatrain\170_1.jpg
170_2,170,Face Iris fingerprint Data\TrainData\facedatatrain\170_2.jpg,Face Iris fingerprint Data\TrainData\Lirisdatatrain\170_2.jpg,Face Iris fingerprint Data\TrainData\Lfingerdatatrain\170_2.jpg
17_1,17,Face Iris fingerprint Data\TrainData\facedatatrain\17_1.jpg,Face Iris fingerprint Data\TrainData\Lirisdatatrain\17_1.jpg,Face Iris fingerprint Data\TrainData\Lfingerdatatrain\17_1.jpg
17_2,17,Face Iris fingerprint Data\TrainData\facedatatrain\17_2.jpg,Face Iris fingerprint Data\TrainData\Lirisdatatrain\17_2.jpg,Face Iris fingerprint Data\TrainData\Lfingerdatatrain\17_2.jpg
18_1,18,Face Iris fingerprint Data\TrainData\facedatatrain\18_1.jpg,Face Iris fingerprint Data\TrainData\Lirisdatatrain\18_1.jpg,Face Iris fingerprint Data\TrainData\Lfingerdatatrain\18_1.jpg
18_2,18,Face Iris fingerprint Data\TrainData\facedatatrain\18_2.jpg,Face Iris fingerprint Data\TrainData\Lirisdatatrain\18_2.jpg,Face Iris fingerprint Data\TrainData\Lfingerdatatrain\18_2.jpg
19_1,19,Face Iris fingerprint Data\TrainData\facedatatrain\19_1.jpg,Face Iris fingerprint Data\TrainData\Lirisdatatrain\19_1.jpg,Face Iris fingerprint Data\TrainData\Lfingerdatatrain\19_1.jpg
19_2,19,Face Iris fingerprint Data\TrainData\facedatatrain\19_2.jpg,Face Iris fingerprint Data\TrainData\Lirisdatatrain\19_2.jpg,Face Iris fingerprint Data\TrainData\Lfingerdatatrain\19_2.jpg
1_1,1,Face Iris fingerprint Data\TrainData\facedatatrain\1_1.jpg,Face Iris fingerprint Data\TrainData\Lirisdatatrain\1_1.jpg,Face Iris fingerprint Data\TrainData\Lfingerdatatrain\1_1.jpg
1_2,1,Face Iris fingerprint Data\TrainData\facedatatrain\1_2.jpg,Face Iris fingerprint Data\TrainData\Lirisdatatrain\1_2.jpg,Face Iris fingerprint Data\TrainData\Lfingerdatatrain\1_2.jpg
20_1,20,Face Iris fingerprint Data\TrainData\facedatatrain\20_1.jpg,Face Iris fingerprint Data\TrainData\Lirisdatatrain\20_1.jpg,Face Iris fingerprint Data\TrainData\Lfingerdatatrain\20_1.jpg
20_2,20,Face Iris fingerprint Data\TrainData\facedatatrain\20_2.jpg,Face Iris fingerprint Data\TrainData\Lirisdatatrain\20_2.jpg,Face Iris fingerprint Data\TrainData\Lfingerdatatrain\20_2.jpg
21_1,21,Face Iris fingerprint Data\TrainData\facedatatrain\21_1.jpg,Face Iris fingerprint Data\TrainData\Lirisdatatrain\21_1.jpg,Face Iris fingerprint Data\TrainData\Lfingerdatatrain\21_1.jpg
21_2,21,Face Iris fingerprint Data\TrainData\facedatatrain\21_2.jpg,Face Iris fingerprint Data\TrainData\Lirisdatatrain\21_2.jpg,Face Iris fingerprint Data\TrainData\Lfingerdatatrain\21_2.jpg
22_1,22,Face Iris fingerprint Data\TrainData\facedatatrain\22_1.jpg,Face Iris fingerprint Data\TrainData\Lirisdatatrain\22_1.jpg,Face Iris fingerprint Data\TrainData\Lfingerdatatrain\22_1.jpg
22_2,22,Face Iris fingerprint Data\TrainData\facedatatrain\22_2.jpg,Face Iris fingerprint Data\TrainData\Lirisdatatrain\22_2.jpg,Face Iris fingerprint Data\TrainData\Lfingerdatatrain\22_2.jpg
23_1,23,Face Iris fingerprint Data\TrainData\facedatatrain\23_1.jpg,Face Iris fingerprint Data\TrainData\Lirisdatatrain\23_1.jpg,Face Iris fingerprint Data\TrainData\Lfingerdatatrain\23_1.jpg
23_2,23,Face Iris fingerprint Data\TrainData\facedatatrain\23_2.jpg,Face Iris fingerprint Data\TrainData\Lirisdatatrain\23_2.jpg,Face Iris fingerprint Data\TrainData\Lfingerdatatrain\23_2.jpg
24_1,24,Face Iris fingerprint Data\TrainData\facedatatrain\24_1.jpg,Face Iris fingerprint Data\TrainData\Lirisdatatrain\24_1.jpg,Face Iris fingerprint Data\TrainData\Lfingerdatatrain\24_1.jpg
24_2,24,Face Iris fingerprint Data\TrainData\facedatatrain\24_2.jpg,Face Iris fingerprint Data\TrainData\Lirisdatatrain\24_2.jpg,Face Iris fingerprint Data\TrainData\Lfingerdatatrain\24_2.jpg
25_1,25,Face Iris fingerprint Data\TrainData\facedatatrain\25_1.jpg,Face Iris fingerprint Data\TrainData\Lirisdatatrain\25_1.jpg,Face Iris fingerprint Data\TrainData\Lfingerdatatrain\25_1.jpg
25_2,25,Face Iris fingerprint Data\TrainData\facedatatrain\25_2.jpg,Face Iris fingerprint Data\TrainData\Lirisdatatrain\25_2.jpg,Face Iris fingerprint Data\TrainData\Lfingerdatatrain\25_2.jpg
26_1,26,Face Iris fingerprint Data\TrainData\facedatatrain\26_1.jpg,Face Iris fingerprint Data\TrainData\Lirisdatatrain\26_1.jpg,Face Iris fingerprint Data\TrainData\Lfingerdatatrain\26_1.jpg
26_2,26,Face Iris fingerprint Data\TrainData\facedatatrain\26_2.jpg,Face Iris fingerprint Data\TrainData\Lirisdatatrain\26_2.jpg,Face Iris fingerprint Data\TrainData\Lfingerdatatrain\26_2.jpg
27_1,27,Face Iris fingerprint Data\TrainData\facedatatrain\27_1.jpg,Face Iris fingerprint Data\TrainData\Lirisdatatrain\27_1.jpg,Face Iris fingerprint Data\TrainData\Lfingerdatatrain\27_1.jpg
27_2,27,Face Iris fingerprint Data\TrainData\facedatatrain\27_2.jpg,Face Iris fingerprint Data\TrainData\Lirisdatatrain\27_2.jpg,Face Iris fingerprint Data\TrainData\Lfingerdatatrain\27_2.jpg
28_1,28,Face Iris fingerprint Data\TrainData\facedatatrain\28_1.jpg,Face Iris fingerprint Data\TrainData\Lirisdatatrain\28_1.jpg,Face Iris fingerprint Data\TrainData\Lfingerdatatrain\28_1.jpg
28_2,28,Face Iris fingerprint Data\TrainData\facedatatrain\28_2.jpg,Face Iris fingerprint Data\TrainData\Lirisdatatrain\28_2.jpg,Face Iris fingerprint Data\TrainData\Lfingerdatatrain\28_2.jpg
29_1,29,Face Iris fingerprint Data\TrainData\facedatatrain\29_1.jpg,Face Iris fingerprint Data\TrainData\Lirisdatatrain\29_1.jpg,Face Iris fingerprint Data\TrainData\Lfingerdatatrain\29_1.jpg
29_2,29,Face Iris fingerprint Data\TrainData\facedatatrain\29_2.jpg,Face Iris fingerprint Data\TrainData\Lirisdatatrain\29_2.jpg,Face Iris fingerprint Data\TrainData\Lfingerdatatrain\29_2.jpg
2_1,2,Face Iris fingerprint Data\TrainData\facedatatrain\2_1.jpg,Face Iris fingerprint Data\TrainData\Lirisdatatrain\2_1.jpg,Face Iris fingerprint Data\TrainData\Lfingerdatatrain\2_1.jpg
2_2,2,Face Iris fingerprint Data\TrainData\facedatatrain\2_2.jpg,Face Iris fingerprint Data\TrainData\Lirisdatatrain\2_2.jpg,Face Iris fingerprint Data\TrainData\Lfingerdatatrain\2_2.jpg
30_1,30,Face Iris fingerprint Data\TrainData\facedatatrain\30_1.jpg,Face Iris fingerprint Data\TrainData\Lirisdatatrain\30_1.jpg,Face Iris fingerprint Data\TrainData\Lfingerdatatrain\30_1.jpg
30_2,30,Face Iris fingerprint Data\TrainData\facedatatrain\30_2.jpg,Face Iris fingerprint Data\TrainData\Lirisdatatrain\30_2.jpg,Face Iris fingerprint Data\TrainData\Lfingerdatatrain\30_2.jpg
31_1,31,Face Iris fingerprint Data\TrainData\facedatatrain\31_1.jpg,Face Iris fingerprint Data\TrainData\Lirisdatatrain\31_1.jpg,Face Iris fingerprint Data\TrainData\Lfingerdatatrain\31_1.jpg
31_2,31,Face Iris fingerprint Data\TrainData\facedatatrain\31_2.jpg,Face Iris fingerprint Data\TrainData\Lirisdatatrain\31_2.jpg,Face Iris fingerprint Data\TrainData\Lfingerdatatrain\31_2.jpg
32_1,32,Face Iris fingerprint Data\TrainData\facedatatrain\32_1.jpg,Face Iris fingerprint Data\TrainData\Lirisdatatrain\32_1.jpg,Face Iris fingerprint Data\TrainData\Lfingerdatatrain\32_1.jpg
32_2,32,Face Iris fingerprint Data\TrainData\facedatatrain\32_2.jpg,Face Iris fingerprint Data\TrainData\Lirisdatatrain\32_2.jpg,Face Iris fingerprint Data\TrainData\Lfingerdatatrain\32_2.jpg
33_1,33,Face Iris fingerprint Data\TrainData\facedatatrain\33_1.jpg,Face Iris fingerprint Data\TrainData\Lirisdatatrain\33_1.jpg,Face Iris fingerprint Data\TrainData\Lfingerdatatrain\33_1.jpg
33_2,33,Face Iris fingerprint Data\TrainData\facedatatrain\33_2.jpg,Face Iris fingerprint Data\TrainData\Lirisdatatrain\33_2.jpg,Face Iris fingerprint Data\TrainData\Lfingerdatatrain\33_2.jpg
34_1,34,Face Iris fingerprint Data\TrainData\facedatatrain\34_1.jpg,Face Iris fingerprint Data\TrainData\Lirisdatatrain\34_1.jpg,Face Iris fingerprint Data\TrainData\Lfingerdatatrain\34_1.jpg
34_2,34,Face Iris fingerprint Data\TrainData\facedatatrain\34_2.jpg,Face Iris fingerprint Data\TrainData\Lirisdatatrain\34_2.jpg,Face Iris fingerprint Data\TrainData\Lfingerdatatrain\34_2.jpg
35_1,35,Face Iris fingerprint Data\TrainData\facedatatrain\35_1.jpg,Face Iris fingerprint Data\TrainData\Lirisdatatrain\35_1.jpg,Face Iris fingerprint Data\TrainData\Lfingerdatatrain\35_1.jpg
35_2,35,Face Iris fingerprint Data\TrainData\facedatatrain\35_2.jpg,Face Iris fingerprint Data\TrainData\Lirisdatatrain\35_2.jpg,Face Iris fingerprint Data\TrainData\Lfingerdatatrain\35_2.jpg
36_1,36,Face Iris fingerprint Data\TrainData\facedatatrain\36_1.jpg,Face Iris fingerprint Data\TrainData\Lirisdatatrain\36_1.jpg,Face Iris fingerprint Data\TrainData\Lfingerdatatrain\36_1.jpg
36_2,36,Face Iris fingerprint Data\TrainData\facedatatrain\36_2.jpg,Face Iris fingerprint Data\TrainData\Lirisdatatrain\36_2.jpg,Face Iris fingerprint Data\TrainData\Lfingerdatatrain\36_2.jpg
37_1,37,Face Iris fingerprint Data\TrainData\facedatatrain\37_1.jpg,Face Iris fingerprint Data\TrainData\Lirisdatatrain\37_1.jpg,Face Iris fingerprint Data\TrainData\Lfingerdatatrain\37_1.jpg
37_2,37,Face Iris fingerprint Data\TrainData\facedatatrain\37_2.jpg,Face Iris fingerprint Data\TrainData\Lirisdatatrain\37_2.jpg,Face Iris fingerprint Data\TrainData\Lfingerdatatrain\37_2.jpg
38_1,38,Face Iris fingerprint Data\TrainData\facedatatrain\38_1.jpg,Face Iris fingerprint Data\TrainData\Lirisdatatrain\38_1.jpg,Face Iris fingerprint Data\TrainData\Lfingerdatatrain\38_1.jpg
38_2,38,Face Iris fingerprint Data\TrainData\facedatatrain\38_2.jpg,Face Iris fingerprint Data\TrainData\Lirisdatatrain\38_2.jpg,Face Iris fingerprint Data\TrainData\Lfingerdatatrain\38_2.jpg
39_1,39,Face Iris fingerprint Data\TrainData\facedatatrain\39_1.jpg,Face Iris fingerprint Data\TrainData\Lirisdatatrain\39_1.jpg,Face Iris fingerprint Data\TrainData\Lfingerdatatrain\39_1.jpg
39_2,39,Face Iris fingerprint Data\TrainData\facedatatrain\39_2.jpg,Face Iris fingerprint Data\TrainData\Lirisdatatrain\39_2.jpg,Face Iris fingerprint Data\TrainData\Lfingerdatatrain\39_2.jpg
3_1,3,Face Iris fingerprint Data\TrainData\facedatatrain\3_1.jpg,Face Iris fingerprint Data\TrainData\Lirisdatatrain\3_1.jpg,Face Iris fingerprint Data\TrainData\Lfingerdatatrain\3_1.jpg
3_2,3,Face Iris fingerprint Data\TrainData\facedatatrain\3_2.jpg,Face Iris fingerprint Data\TrainData\Lirisdatatrain\3_2.jpg,Face Iris fingerprint Data\TrainData\Lfingerdatatrain\3_2.jpg
40_1,40,Face Iris fingerprint Data\TrainData\facedatatrain\40_1.jpg,Face Iris fingerprint Data\TrainData\Lirisdatatrain\40_1.jpg,Face Iris fingerprint Data\TrainData\Lfingerdatatrain\40_1.jpg
40_2,40,Face Iris fingerprint Data\TrainData\facedatatrain\40_2.jpg,Face Iris fingerprint Data\TrainData\Lirisdatatrain\40_2.jpg,Face Iris fingerprint Data\TrainData\Lfingerdatatrain\40_2.jpg
41_1,41,Face Iris fingerprint Data\TrainData\facedatatrain\41_1.jpg,Face Iris fingerprint Data\TrainData\Lirisdatatrain\41_1.jpg,Face Iris fingerprint Data\TrainData\Lfingerdatatrain\41_1.jpg
41_2,41,Face Iris fingerprint Data\TrainData\facedatatrain\41_2.jpg,Face Iris fingerprint Data\TrainData\Lirisdatatrain\41_2.jpg,Face Iris fingerprint Data\TrainData\Lfingerdatatrain\41_2.jpg
42_1,42,Face Iris fingerprint Data\TrainData\facedatatrain\42_1.jpg,Face Iris fingerprint Data\TrainData\Lirisdatatrain\42_1.jpg,Face Iris fingerprint Data\TrainData\Lfingerdatatrain\42_1.jpg
42_2,42,Face Iris fingerprint Data\TrainData\facedatatrain\42_2.jpg,Face Iris fingerprint Data\TrainData\Lirisdatatrain\42_2.jpg,Face Iris fingerprint Data\TrainData\Lfingerdatatrain\42_2.jpg
43_1,43,Face Iris fingerprint Data\TrainData\facedatatrain\43_1.jpg,Face Iris fingerprint Data\TrainData\Lirisdatatrain\43_1.jpg,Face Iris fingerprint Data\TrainData\Lfingerdatatrain\43_1.jpg
43_2,43,Face Iris fingerprint Data\TrainData\facedatatrain\43_2.jpg,Face Iris fingerprint Data\TrainData\Lirisdatatrain\43_2.jpg,Face Iris fingerprint Data\TrainData\Lfingerdatatrain\43_2.jpg
44_1,44,Face Iris fingerprint Data\TrainData\facedatatrain\44_1.jpg,Face Iris fingerprint Data\TrainData\Lirisdatatrain\44_1.jpg,Face Iris fingerprint Data\TrainData\Lfingerdatatrain\44_1.jpg
44_2,44,Face Iris fingerprint Data\TrainData\facedatatrain\44_2.jpg,Face Iris fingerprint Data\TrainData\Lirisdatatrain\44_2.jpg,Face Iris fingerprint Data\TrainData\Lfingerdatatrain\44_2.jpg
45_1,45,Face Iris fingerprint Data\TrainData\facedatatrain\45_1.jpg,Face Iris fingerprint Data\TrainData\Lirisdatatrain\45_1.jpg,Face Iris fingerprint Data\TrainData\Lfingerdatatrain\45_1.jpg
45_2,45,Face Iris fingerprint Data\TrainData\facedatatrain\45_2.jpg,Face Iris fingerprint Data\TrainData\Lirisdatatrain\45_2.jpg,Face Iris fingerprint Data\TrainData\Lfingerdatatrain\45_2.jpg
46_1,46,Face Iris fingerprint Data\TrainData\facedatatrain\46_1.jpg,Face Iris fingerprint Data\TrainData\Lirisdatatrain\46_1.jpg,Face Iris fingerprint Data\TrainData\Lfingerdatatrain\46_1.jpg
46_2,46,Face Iris fingerprint Data\TrainData\facedatatrain\46_2.jpg,Face Iris fingerprint Data\TrainData\Lirisdatatrain\46_2.jpg,Face Iris fingerprint Data\TrainData\Lfingerdatatrain\46_2.jpg
47_1,47,Face Iris fingerprint Data\TrainData\facedatatrain\47_1.jpg,Face Iris fingerprint Data\TrainData\Lirisdatatrain\47_1.jpg,Face Iris fingerprint Data\TrainData\Lfingerdatatrain\47_1.jpg
47_2,47,Face Iris fingerprint Data\TrainData\facedatatrain\47_2.jpg,Face Iris fingerprint Data\TrainData\Lirisdatatrain\47_2.jpg,Face Iris fingerprint Data\TrainData\Lfingerdatatrain\47_2.jpg
48_1,48,Face Iris fingerprint Data\TrainData\facedatatrain\48_1.jpg,Face Iris fingerprint Data\TrainData\Lirisdatatrain\48_1.jpg,Face Iris fingerprint Data\TrainData\Lfingerdatatrain\48_1.jpg
48_2,48,Face Iris fingerprint Data\TrainData\facedatatrain\48_2.jpg,Face Iris fingerprint Data\TrainData\Lirisdatatrain\48_2.jpg,Face Iris fingerprint Data\TrainData\Lfingerdatatrain\48_2.jpg
49_1,49,Face Iris fingerprint Data\TrainData\facedatatrain\49_1.jpg,Face Iris fingerprint Data\TrainData\Lirisdatatrain\49_1.jpg,Face Iris fingerprint Data\TrainData\Lfingerdatatrain\49_1.jpg
49_2,49,Face Iris fingerprint Data\TrainData\facedatatrain\49_2.jpg,Face Iris fingerprint Data\TrainData\Lirisdatatrain\49_2.jpg,Face Iris fingerprint Data\TrainData\Lfingerdatatrain\49_2.jpg
4_1,4,Face Iris fingerprint Data\TrainData\facedatatrain\4_1.jpg,Face Iris fingerprint Data\TrainData\Lirisdatatrain\4_1.jpg,Face Iris fingerprint Data\TrainData\Lfingerdatatrain\4_1.jpg
4_2,4,Face Iris fingerprint Data\TrainData\facedatatrain\4_2.jpg,Face Iris fingerprint Data\TrainData\Lirisdatatrain\4_2.jpg,Face Iris fingerprint Data\TrainData\Lfingerdatatrain\4_2.jpg
50_1,50,Face Iris fingerprint Data\TrainData\facedatatrain\50_1.jpg,Face Iris fingerprint Data\TrainData\Lirisdatatrain\50_1.jpg,Face Iris fingerprint Data\TrainData\Lfingerdatatrain\50_1.jpg
50_2,50,Face Iris fingerprint Data\TrainData\facedatatrain\50_2.jpg,Face Iris fingerprint Data\TrainData\Lirisdatatrain\50_2.jpg,Face Iris fingerprint Data\TrainData\Lfingerdatatrain\50_2.jpg
51_1,51,Face Iris fingerprint Data\TrainData\facedatatrain\51_1.jpg,Face Iris fingerprint Data\TrainData\Lirisdatatrain\51_1.jpg,Face Iris fingerprint Data\TrainData\Lfingerdatatrain\51_1.jpg
51_2,51,Face Iris fingerprint Data\TrainData\facedatatrain\51_2.jpg,Face Iris fingerprint Data\TrainData\Lirisdatatrain\51_2.jpg,Face Iris fingerprint Data\TrainData\Lfingerdatatrain\51_2.jpg
52_1,52,Face Iris fingerprint Data\TrainData\facedatatrain\52_1.jpg,Face Iris fingerprint Data\TrainData\Lirisdatatrain\52_1.jpg,Face Iris fingerprint Data\TrainData\Lfingerdatatrain\52_1.jpg
52_2,52,Face Iris fingerprint Data\TrainData\facedatatrain\52_2.jpg,Face Iris fingerprint Data\TrainData\Lirisdatatrain\52_2.jpg,Face Iris fingerprint Data\TrainData\Lfingerdatatrain\52_2.jpg
53_1,53,Face Iris fingerprint Data\TrainData\facedatatrain\53_1.jpg,Face Iris fingerprint Data\TrainData\Lirisdatatrain\53_1.jpg,Face Iris fingerprint Data\TrainData\Lfingerdatatrain\53_1.jpg
53_2,53,Face Iris fingerprint Data\TrainData\facedatatrain\53_2.jpg,Face Iris fingerprint Data\TrainData\Lirisdatatrain\53_2.jpg,Face Iris fingerprint Data\TrainData\Lfingerdatatrain\53_2.jpg
54_1,54,Face Iris fingerprint Data\TrainData\facedatatrain\54_1.jpg,Face Iris fingerprint Data\TrainData\Lirisdatatrain\54_1.jpg,Face Iris fingerprint Data\TrainData\Lfingerdatatrain\54_1.jpg
54_2,54,Face Iris fingerprint Data\TrainData\facedatatrain\54_2.jpg,Face Iris fingerprint Data\TrainData\Lirisdatatrain\54_2.jpg,Face Iris fingerprint Data\TrainData\Lfingerdatatrain\54_2.jpg
55_1,55,Face Iris fingerprint Data\TrainData\facedatatrain\55_1.jpg,Face Iris fingerprint Data\TrainData\Lirisdatatrain\55_1.jpg,Face Iris fingerprint Data\TrainData\Lfingerdatatrain\55_1.jpg
55_2,55,Face Iris fingerprint Data\TrainData\facedatatrain\55_2.jpg,Face Iris fingerprint Data\TrainData\Lirisdatatrain\55_2.jpg,Face Iris fingerprint Data\TrainData\Lfingerdatatrain\55_2.jpg
56_1,56,Face Iris fingerprint Data\TrainData\facedatatrain\56_1.jpg,Face Iris fingerprint Data\TrainData\Lirisdatatrain\56_1.jpg,Face Iris fingerprint Data\TrainData\Lfingerdatatrain\56_1.jpg
56_2,56,Face Iris fingerprint Data\TrainData\facedatatrain\56_2.jpg,Face Iris fingerprint Data\TrainData\Lirisdatatrain\56_2.jpg,Face Iris fingerprint Data\TrainData\Lfingerdatatrain\56_2.jpg
57_1,57,Face Iris fingerprint Data\TrainData\facedatatrain\57_1.jpg,Face Iris fingerprint Data\TrainData\Lirisdatatrain\57_1.jpg,Face Iris fingerprint Data\TrainData\Lfingerdatatrain\57_1.jpg
57_2,57,Face Iris fingerprint Data\TrainData\facedatatrain\57_2.jpg,Face Iris fingerprint Data\TrainData\Lirisdatatrain\57_2.jpg,Face Iris fingerprint Data\TrainData\Lfingerdatatrain\57_2.jpg
58_1,58,Face Iris fingerprint Data\TrainData\facedatatrain\58_1.jpg,Face Iris fingerprint Data\TrainData\Lirisdatatrain\58_1.jpg,Face Iris fingerprint Data\TrainData\Lfingerdatatrain\58_1.jpg
58_2,58,Face Iris fingerprint Data\TrainData\facedatatrain\58_2.jpg,Face Iris fingerprint Data\TrainData\Lirisdatatrain\58_2.jpg,Face Iris fingerprint Data\TrainData\Lfingerdatatrain\58_2.jpg
59_1,59,Face Iris fingerprint Data\TrainData\facedatatrain\59_1.jpg,Face Iris fingerprint Data\TrainData\Lirisdatatrain\59_1.jpg,Face Iris fingerprint Data\TrainData\Lfingerdatatrain\59_1.jpg
59_2,59,Face Iris fingerprint Data\TrainData\facedatatrain\59_2.jpg,Face Iris fingerprint Data\TrainData\Lirisdatatrain\59_2.jpg,Face Iris fingerprint Data\TrainData\Lfingerdatatrain\59_2.jpg
5_1,5,Face Iris fingerprint Data\TrainData\facedatatrain\5_1.jpg,Face Iris fingerprint Data\TrainData\Lirisdatatrain\5_1.jpg,Face Iris fingerprint Data\TrainData\Lfingerdatatrain\5_1.jpg
5_2,5,Face Iris fingerprint Data\TrainData\facedatatrain\5_2.jpg,Face Iris fingerprint Data\TrainData\Lirisdatatrain\5_2.jpg,Face Iris fingerprint Data\TrainData\Lfingerdatatrain\5_2.jpg
60_1,60,Face Iris fingerprint Data\TrainData\facedatatrain\60_1.jpg,Face Iris fingerprint Data\TrainData\Lirisdatatrain\60_1.jpg,Face Iris fingerprint Data\TrainData\Lfingerdatatrain\60_1.jpg
61_1,61,Face Iris fingerprint Data\TrainData\facedatatrain\61_1.jpg,Face Iris fingerprint Data\TrainData\Lirisdatatrain\61_1.jpg,Face Iris fingerprint Data\TrainData\Lfingerdatatrain\61_1.jpg
61_2,61,Face Iris fingerprint Data\TrainData\facedatatrain\61_2.jpg,Face Iris fingerprint Data\TrainData\Lirisdatatrain\61_2.jpg,Face Iris fingerprint Data\TrainData\Lfingerdatatrain\61_2.jpg
62_1,62,Face Iris fingerprint Data\TrainData\facedatatrain\62_1.jpg,Face Iris fingerprint Data\TrainData\Lirisdatatrain\62_1.jpg,Face Iris fingerprint Data\TrainData\Lfingerdatatrain\62_1.jpg
62_2,62,Face Iris fingerprint Data\TrainData\facedatatrain\62_2.jpg,Face Iris fingerprint Data\TrainData\Lirisdatatrain\62_2.jpg,Face Iris fingerprint Data\TrainData\Lfingerdatatrain\62_2.jpg
63_1,63,Face Iris fingerprint Data\TrainData\facedatatrain\63_1.jpg,Face Iris fingerprint Data\TrainData\Lirisdatatrain\63_1.jpg,Face Iris fingerprint Data\TrainData\Lfingerdatatrain\63_1.jpg
63_2,63,Face Iris fingerprint Data\TrainData\facedatatrain\63_2.jpg,Face Iris fingerprint Data\TrainData\Lirisdatatrain\63_2.jpg,Face Iris fingerprint Data\TrainData\Lfingerdatatrain\63_2.jpg
64_1,64,Face Iris fingerprint Data\TrainData\facedatatrain\64_1.jpg,Face Iris fingerprint Data\TrainData\Lirisdatatrain\64_1.jpg,Face Iris fingerprint Data\TrainData\Lfingerdatatrain\64_1.jpg
64_2,64,Face Iris fingerprint Data\TrainData\facedatatrain\64_2.jpg,Face Iris fingerprint Data\TrainData\Lirisdatatrain\64_2.jpg,Face Iris fingerprint Data\TrainData\Lfingerdatatrain\64_2.jpg
65_1,65,Face Iris fingerprint Data\TrainData\facedatatrain\65_1.jpg,Face Iris fingerprint Data\TrainData\Lirisdatatrain\65_1.jpg,Face Iris fingerprint Data\TrainData\Lfingerdatatrain\65_1.jpg
65_2,65,Face Iris fingerprint Data\TrainData\facedatatrain\65_2.jpg,Face Iris fingerprint Data\TrainData\Lirisdatatrain\65_2.jpg,Face Iris fingerprint Data\TrainData\Lfingerdatatrain\65_2.jpg
66_1,66,Face Iris fingerprint Data\TrainData\facedatatrain\66_1.jpg,Face Iris fingerprint Data\TrainData\Lirisdatatrain\66_1.jpg,Face Iris fingerprint Data\TrainData\Lfingerdatatrain\66_1.jpg
66_2,66,Face Iris fingerprint Data\TrainData\facedatatrain\66_2.jpg,Face Iris fingerprint Data\TrainData\Lirisdatatrain\66_2.jpg,Face Iris fingerprint Data\TrainData\Lfingerdatatrain\66_2.jpg
67_1,67,Face Iris fingerprint Data\TrainData\facedatatrain\67_1.jpg,Face Iris fingerprint Data\TrainData\Lirisdatatrain\67_1.jpg,Face Iris fingerprint Data\TrainData\Lfingerdatatrain\67_1.jpg
67_2,67,Face Iris fingerprint Data\TrainData\facedatatrain\67_2.jpg,Face Iris fingerprint Data\TrainData\Lirisdatatrain\67_2.jpg,Face Iris fingerprint Data\TrainData\Lfingerdatatrain\67_2.jpg
68_1,68,Face Iris fingerprint Data\TrainData\facedatatrain\68_1.jpg,Face Iris fingerprint Data\TrainData\Lirisdatatrain\68_1.jpg,Face Iris fingerprint Data\TrainData\Lfingerdatatrain\68_1.jpg
68_2,68,Face Iris fingerprint Data\TrainData\facedatatrain\68_2.jpg,Face Iris fingerprint Data\TrainData\Lirisdatatrain\68_2.jpg,Face Iris fingerprint Data\TrainData\Lfingerdatatrain\68_2.jpg
69_1,69,Face Iris fingerprint Data\TrainData\facedatatrain\69_1.jpg,Face Iris fingerprint Data\TrainData\Lirisdatatrain\69_1.jpg,Face Iris fingerprint Data\TrainData\Lfingerdatatrain\69_1.jpg
69_2,69,Face Iris fingerprint Data\TrainData\facedatatrain\69_2.jpg,Face Iris fingerprint Data\TrainData\Lirisdatatrain\69_2.jpg,Face Iris fingerprint Data\TrainData\Lfingerdatatrain\69_2.jpg
6_1,6,Face Iris fingerprint Data\TrainData\facedatatrain\6_1.jpg,Face Iris fingerprint Data\TrainData\Lirisdatatrain\6_1.jpg,Face Iris fingerprint Data\TrainData\Lfingerdatatrain\6_1.jpg
6_2,6,Face Iris fingerprint Data\TrainData\facedatatrain\6_2.jpg,Face Iris fingerprint Data\TrainData\Lirisdatatrain\6_2.jpg,Face Iris fingerprint Data\TrainData\Lfingerdatatrain\6_2.jpg
70_1,70,Face Iris fingerprint Data\TrainData\facedatatrain\70_1.jpg,Face Iris fingerprint Data\TrainData\Lirisdatatrain\70_1.jpg,Face Iris fingerprint Data\TrainData\Lfingerdatatrain\70_1.jpg
70_2,70,Face Iris fingerprint Data\TrainData\facedatatrain\70_2.jpg,Face Iris fingerprint Data\TrainData\Lirisdatatrain\70_2.jpg,Face Iris fingerprint Data\TrainData\Lfingerdatatrain\70_2.jpg
71_1,71,Face Iris fingerprint Data\TrainData\facedatatrain\71_1.jpg,Face Iris fingerprint Data\TrainData\Lirisdatatrain\71_1.jpg,Face Iris fingerprint Data\TrainData\Lfingerdatatrain\71_1.jpg
71_2,71,Face Iris fingerprint Data\TrainData\facedatatrain\71_2.jpg,Face Iris fingerprint Data\TrainData\Lirisdatatrain\71_2.jpg,Face Iris fingerprint Data\TrainData\Lfingerdatatrain\71_2.jpg
72_1,72,Face Iris fingerprint Data\TrainData\facedatatrain\72_1.jpg,Face Iris fingerprint Data\TrainData\Lirisdatatrain\72_1.jpg,Face Iris fingerprint Data\TrainData\Lfingerdatatrain\72_1.jpg
72_2,72,Face Iris fingerprint Data\TrainData\facedatatrain\72_2.jpg,Face Iris fingerprint Data\TrainData\Lirisdatatrain\72_2.jpg,Face Iris fingerprint Data\TrainData\Lfingerdatatrain\72_2.jpg
73_1,73,Face Iris fingerprint Data\TrainData\facedatatrain\73_1.jpg,Face Iris fingerprint Data\TrainData\Lirisdatatrain\73_1.jpg,Face Iris fingerprint Data\TrainData\Lfingerdatatrain\73_1.jpg
73_2,73,Face Iris fingerprint Data\TrainData\facedatatrain\73_2.jpg,Face Iris fingerprint Data\TrainData\Lirisdatatrain\73_2.jpg,Face Iris fingerprint Data\TrainData\Lfingerdatatrain\73_2.jpg
74_1,74,Face Iris fingerprint Data\TrainData\facedatatrain\74_1.jpg,Face Iris fingerprint Data\TrainData\Lirisdatatrain\74_1.jpg,Face Iris fingerprint Data\TrainData\Lfingerdatatrain\74_1.jpg
74_2,74,Face Iris fingerprint Data\TrainData\facedatatrain\74_2.jpg,Face Iris fingerprint Data\TrainData\Lirisdatatrain\74_2.jpg,Face Iris fingerprint Data\TrainData\Lfingerdatatrain\74_2.jpg
75_1,75,Face Iris fingerprint Data\TrainData\facedatatrain\75_1.jpg,Face Iris fingerprint Data\TrainData\Lirisdatatrain\75_1.jpg,Face Iris fingerprint Data\TrainData\Lfingerdatatrain\75_1.jpg
75_2,75,Face Iris fingerprint Data\TrainData\facedatatrain\75_2.jpg,Face Iris fingerprint Data\TrainData\Lirisdatatrain\75_2.jpg,Face Iris fingerprint Data\TrainData\Lfingerdatatrain\75_2.jpg
76_1,76,Face Iris fingerprint Data\TrainData\facedatatrain\76_1.jpg,Face Iris fingerprint Data\TrainData\Lirisdatatrain\76_1.jpg,Face Iris fingerprint Data\TrainData\Lfingerdatatrain\76_1.jpg
76_2,76,Face Iris fingerprint Data\TrainData\facedatatrain\76_2.jpg,Face Iris fingerprint Data\TrainData\Lirisdatatrain\76_2.jpg,Face Iris fingerprint Data\TrainData\Lfingerdatatrain\76_2.jpg
77_1,77,Face Iris fingerprint Data\TrainData\facedatatrain\77_1.jpg,Face Iris fingerprint Data\TrainData\Lirisdatatrain\77_1.jpg,Face Iris fingerprint Data\TrainData\Lfingerdatatrain\77_1.jpg
77_2,77,Face Iris fingerprint Data\TrainData\facedatatrain\77_2.jpg,Face Iris fingerprint Data\TrainData\Lirisdatatrain\77_2.jpg,Face Iris fingerprint Data\TrainData\Lfingerdatatrain\77_2.jpg
78_1,78,Face Iris fingerprint Data\TrainData\facedatatrain\78_1.jpg,Face Iris fingerprint Data\TrainData\Lirisdatatrain\78_1.jpg,Face Iris fingerprint Data\TrainData\Lfingerdatatrain\78_1.jpg
78_2,78,Face Iris fingerprint Data\TrainData\facedatatrain\78_2.jpg,Face Iris fingerprint Data\TrainData\Lirisdatatrain\78_2.jpg,Face Iris fingerprint Data\TrainData\Lfingerdatatrain\78_2.jpg
79_1,79,Face Iris fingerprint Data\TrainData\facedatatrain\79_1.jpg,Face Iris fingerprint Data\TrainData\Lirisdatatrain\79_1.jpg,Face Iris fingerprint Data\TrainData\Lfingerdatatrain\79_1.jpg
79_2,79,Face Iris fingerprint Data\TrainData\facedatatrain\79_2.jpg,Face Iris fingerprint Data\TrainData\Lirisdatatrain\79_2.jpg,Face Iris fingerprint Data\TrainData\Lfingerdatatrain\79_2.jpg
7_1,7,Face Iris fingerprint Data\TrainData\facedatatrain\7_1.jpg,Face Iris fingerprint Data\TrainData\Lirisdatatrain\7_1.jpg,Face Iris fingerprint Data\TrainData\Lfingerdatatrain\7_1.jpg
7_2,7,Face Iris fingerprint Data\TrainData\facedatatrain\7_2.jpg,Face Iris fingerprint Data\TrainData\Lirisdatatrain\7_2.jpg,Face Iris fingerprint Data\TrainData\Lfingerdatatrain\7_2.jpg
80_1,80,Face Iris fingerprint Data\TrainData\facedatatrain\80_1.jpg,Face Iris fingerprint Data\TrainData\Lirisdatatrain\80_1.jpg,Face Iris fingerprint Data\TrainData\Lfingerdatatrain\80_1.jpg
80_2,80,Face Iris fingerprint Data\TrainData\facedatatrain\80_2.jpg,Face Iris fingerprint Data\TrainData\Lirisdatatrain\80_2.jpg,Face Iris fingerprint Data\TrainData\Lfingerdatatrain\80_2.jpg
81_1,81,Face Iris fingerprint Data\TrainData\facedatatrain\81_1.jpg,Face Iris fingerprint Data\TrainData\Lirisdatatrain\81_1.jpg,Face Iris fingerprint Data\TrainData\Lfingerdatatrain\81_1.jpg
81_2,81,Face Iris fingerprint Data\TrainData\facedatatrain\81_2.jpg,Face Iris fingerprint Data\TrainData\Lirisdatatrain\81_2.jpg,Face Iris fingerprint Data\TrainData\Lfingerdatatrain\81_2.jpg
82_1,82,Face Iris fingerprint Data\TrainData\facedatatrain\82_1.jpg,Face Iris fingerprint Data\TrainData\Lirisdatatrain\82_1.jpg,Face Iris fingerprint Data\TrainData\Lfingerdatatrain\82_1.jpg
82_2,82,Face Iris fingerprint Data\TrainData\facedatatrain\82_2.jpg,Face Iris fingerprint Data\TrainData\Lirisdatatrain\82_2.jpg,Face Iris fingerprint Data\TrainData\Lfingerdatatrain\82_2.jpg
83_1,83,Face Iris fingerprint Data\TrainData\facedatatrain\83_1.jpg,Face Iris fingerprint Data\TrainData\Lirisdatatrain\83_1.jpg,Face Iris fingerprint Data\TrainData\Lfingerdatatrain\83_1.jpg
83_2,83,Face Iris fingerprint Data\TrainData\facedatatrain\83_2.jpg,Face Iris fingerprint Data\TrainData\Lirisdatatrain\83_2.jpg,Face Iris fingerprint Data\TrainData\Lfingerdatatrain\83_2.jpg
84_1,84,Face Iris fingerprint Data\TrainData\facedatatrain\84_1.jpg,Face Iris fingerprint Data\TrainData\Lirisdatatrain\84_1.jpg,Face Iris fingerprint Data\TrainData\Lfingerdatatrain\84_1.jpg
84_2,84,Face Iris fingerprint Data\TrainData\facedatatrain\84_2.jpg,Face Iris fingerprint Data\TrainData\Lirisdatatrain\84_2.jpg,Face Iris fingerprint Data\TrainData\Lfingerdatatrain\84_2.jpg
85_1,85,Face Iris fingerprint Data\TrainData\facedatatrain\85_1.jpg,Face Iris fingerprint Data\TrainData\Lirisdatatrain\85_1.jpg,Face Iris fingerprint Data\TrainData\Lfingerdatatrain\85_1.jpg
85_2,85,Face Iris fingerprint Data\TrainData\facedatatrain\85_2.jpg,Face Iris fingerprint Data\TrainData\Lirisdatatrain\85_2.jpg,Face Iris fingerprint Data\TrainData\Lfingerdatatrain\85_2.jpg
86_1,86,Face Iris fingerprint Data\TrainData\facedatatrain\86_1.jpg,Face Iris fingerprint Data\TrainData\Lirisdatatrain\86_1.jpg,Face Iris fingerprint Data\TrainData\Lfingerdatatrain\86_1.jpg
86_2,86,Face Iris fingerprint Data\TrainData\facedatatrain\86_2.jpg,Face Iris fingerprint Data\TrainData\Lirisdatatrain\86_2.jpg,Face Iris fingerprint Data\TrainData\Lfingerdatatrain\86_2.jpg
87_1,87,Face Iris fingerprint Data\TrainData\facedatatrain\87_1.jpg,Face Iris fingerprint Data\TrainData\Lirisdatatrain\87_1.jpg,Face Iris fingerprint Data\TrainData\Lfingerdatatrain\87_1.jpg
87_2,87,Face Iris fingerprint Data\TrainData\facedatatrain\87_2.jpg,Face Iris fingerprint Data\TrainData\Lirisdatatrain\87_2.jpg,Face Iris fingerprint Data\TrainData\Lfingerdatatrain\87_2.jpg
88_1,88,Face Iris fingerprint Data\TrainData\facedatatrain\88_1.jpg,Face Iris fingerprint Data\TrainData\Lirisdatatrain\88_1.jpg,Face Iris fingerprint Data\TrainData\Lfingerdatatrain\88_1.jpg
88_2,88,Face Iris fingerprint Data\TrainData\facedatatrain\88_2.jpg,Face Iris fingerprint Data\TrainData\Lirisdatatrain\88_2.jpg,Face Iris fingerprint Data\TrainData\Lfingerdatatrain\88_2.jpg
89_1,89,Face Iris fingerprint Data\TrainData\facedatatrain\89_1.jpg,Face Iris fingerprint Data\TrainData\Lirisdatatrain\89_1.jpg,Face Iris fingerprint Data\TrainData\Lfingerdatatrain\89_1.jpg
89_2,89,Face Iris fingerprint Data\TrainData\facedatatrain\89_2.jpg,Face Iris fingerprint Data\TrainData\Lirisdatatrain\89_2.jpg,Face Iris fingerprint Data\TrainData\Lfingerdatatrain\89_2.jpg
8_1,8,Face Iris fingerprint Data\TrainData\facedatatrain\8_1.jpg,Face Iris fingerprint Data\TrainData\Lirisdatatrain\8_1.jpg,Face Iris fingerprint Data\TrainData\Lfingerdatatrain\8_1.jpg
8_2,8,Face Iris fingerprint Data\TrainData\facedatatrain\8_2.jpg,Face Iris fingerprint Data\TrainData\Lirisdatatrain\8_2.jpg,Face Iris fingerprint Data\TrainData\Lfingerdatatrain\8_2.jpg
90_1,90,Face Iris fingerprint Data\TrainData\facedatatrain\90_1.jpg,Face Iris fingerprint Data\TrainData\Lirisdatatrain\90_1.jpg,Face Iris fingerprint Data\TrainData\Lfingerdatatrain\90_1.jpg
90_2,90,Face Iris fingerprint Data\TrainData\facedatatrain\90_2.jpg,Face Iris fingerprint Data\TrainData\Lirisdatatrain\90_2.jpg,Face Iris fingerprint Data\TrainData\Lfingerdatatrain\90_2.jpg
91_1,91,Face Iris fingerprint Data\TrainData\facedatatrain\91_1.jpg,Face Iris fingerprint Data\TrainData\Lirisdatatrain\91_1.jpg,Face Iris fingerprint Data\TrainData\Lfingerdatatrain\91_1.jpg
91_2,91,Face Iris fingerprint Data\TrainData\facedatatrain\91_2.jpg,Face Iris fingerprint Data\TrainData\Lirisdatatrain\91_2.jpg,Face Iris fingerprint Data\TrainData\Lfingerdatatrain\91_2.jpg
92_1,92,Face Iris fingerprint Data\TrainData\facedatatrain\92_1.jpg,Face Iris fingerprint Data\TrainData\Lirisdatatrain\92_1.jpg,Face Iris fingerprint Data\TrainData\Lfingerdatatrain\92_1.jpg
92_2,92,Face Iris fingerprint Data\TrainData\facedatatrain\92_2.jpg,Face Iris fingerprint Data\TrainData\Lirisdatatrain\92_2.jpg,Face Iris fingerprint Data\TrainData\Lfingerdatatrain\92_2.jpg
93_1,93,Face Iris fingerprint Data\TrainData\facedatatrain\93_1.jpg,Face Iris fingerprint Data\TrainData\Lirisdatatrain\93_1.jpg,Face Iris fingerprint Data\TrainData\Lfingerdatatrain\93_1.jpg
93_2,93,Face Iris fingerprint Data\TrainData\facedatatrain\93_2.jpg,Face Iris fingerprint Data\TrainData\Lirisdatatrain\93_2.jpg,Face Iris fingerprint Data\TrainData\Lfingerdatatrain\93_2.jpg
94_1,94,Face Iris fingerprint Data\TrainData\facedatatrain\94_1.jpg,Face Iris fingerprint Data\TrainData\Lirisdatatrain\94_1.jpg,Face Iris fingerprint Data\TrainData\Lfingerdatatrain\94_1.jpg
94_2,94,Face Iris fingerprint Data\TrainData\facedatatrain\94_2.jpg,Face Iris fingerprint Data\TrainData\Lirisdatatrain\94_2.jpg,Face Iris fingerprint Data\TrainData\Lfingerdatatrain\94_2.jpg
95_1,95,Face Iris fingerprint Data\TrainData\facedatatrain\95_1.jpg,Face Iris fingerprint Data\TrainData\Lirisdatatrain\95_1.jpg,Face Iris fingerprint Data\TrainData\Lfingerdatatrain\95_1.jpg
95_2,95,Face Iris fingerprint Data\TrainData\facedatatrain\95_2.jpg,Face Iris fingerprint Data\TrainData\Lirisdatatrain\95_2.jpg,Face Iris fingerprint Data\TrainData\Lfingerdatatrain\95_2.jpg
96_1,96,Face Iris fingerprint Data\TrainData\facedatatrain\96_1.jpg,Face Iris fingerprint Data\TrainData\Lirisdatatrain\96_1.jpg,Face Iris fingerprint Data\TrainData\Lfingerdatatrain\96_1.jpg
96_2,96,Face Iris fingerprint Data\TrainData\facedatatrain\96_2.jpg,Face Iris fingerprint Data\TrainData\Lirisdatatrain\96_2.jpg,Face Iris fingerprint Data\TrainData\Lfingerdatatrain\96_2.jpg
97_1,97,Face Iris fingerprint Data\TrainData\facedatatrain\97_1.jpg,Face Iris fingerprint Data\TrainData\Lirisdatatrain\97_1.jpg,Face Iris fingerprint Data\TrainData\Lfingerdatatrain\97_1.jpg
97_2,97,Face Iris fingerprint Data\TrainData\facedatatrain\97_2.jpg,Face Iris fingerprint Data\TrainData\Lirisdatatrain\97_2.jpg,Face Iris fingerprint Data\TrainData\Lfingerdatatrain\97_2.jpg
98_1,98,Face Iris fingerprint Data\TrainData\facedatatrain\98_1.jpg,Face Iris fingerprint Data\TrainData\Lirisdatatrain\98_1.jpg,Face Iris fingerprint Data\TrainData\Lfingerdatatrain\98_1.jpg
98_2,98,Face Iris fingerprint Data\TrainData\facedatatrain\98_2.jpg,Face Iris fingerprint Data\TrainData\Lirisdatatrain\98_2.jpg,Face Iris fingerprint Data\TrainData\Lfingerdatatrain\98_2.jpg
99_1,99,Face Iris fingerprint Data\TrainData\facedatatrain\99_1.jpg,Face Iris fingerprint Data\TrainData\Lirisdatatrain\99_1.jpg,Face Iris fingerprint Data\TrainData\Lfingerdatatrain\99_1.jpg
99_2,99,Face Iris fingerprint Data\TrainData\facedatatrain\99_2.jpg,Face Iris fingerprint Data\TrainData\Lirisdatatrain\99_2.jpg,Face Iris fingerprint Data\TrainData\Lfingerdatatrain\99_2.jpg
9_1,9,Face Iris fingerprint Data\TrainData\facedatatrain\9_1.jpg,Face Iris fingerprint Data\TrainData\Lirisdatatrain\9_1.jpg,Face Iris fingerprint Data\TrainData\Lfingerdatatrain\9_1.jpg
9_2,9,Face Iris fingerprint Data\TrainData\facedatatrain\9_2.jpg,Face Iris fingerprint Data\TrainData\Lirisdatatrain\9_2.jpg,Face Iris fingerprint Data\TrainData\Lfingerdatatrain\9_2.jpg
100_3,100,Face Iris fingerprint Data\TestData\facedatatest\100_3.jpg,Face Iris fingerprint Data\TestData\Lirisdatatest\100_3.jpg,Face Iris fingerprint Data\TestData\Lfingerdatatest\100_3.jpg
101_3,101,Face Iris fingerprint Data\TestData\facedatatest\101_3.jpg,Face Iris fingerprint Data\TestData\Lirisdatatest\101_3.jpg,Face Iris fingerprint Data\TestData\Lfingerdatatest\101_3.jpg
102_3,102,Face Iris fingerprint Data\TestData\facedatatest\102_3.jpg,Face Iris fingerprint Data\TestData\Lirisdatatest\102_3.jpg,Face Iris fingerprint Data\TestData\Lfingerdatatest\102_3.jpg
103_3,103,Face Iris fingerprint Data\TestData\facedatatest\103_3.jpg,Face Iris fingerprint Data\TestData\Lirisdatatest\103_3.jpg,Face Iris fingerprint Data\TestData\Lfingerdatatest\103_3.jpg
104_3,104,Face Iris fingerprint Data\TestData\facedatatest\104_3.jpg,Face Iris fingerprint Data\TestData\Lirisdatatest\104_3.jpg,Face Iris fingerprint Data\TestData\Lfingerdatatest\104_3.jpg
105_3,105,Face Iris fingerprint Data\TestData\facedatatest\105_3.jpg,Face Iris fingerprint Data\TestData\Lirisdatatest\105_3.jpg,Face Iris fingerprint Data\TestData\Lfingerdatatest\105_3.jpg
106_3,106,Face Iris fingerprint Data\TestData\facedatatest\106_3.jpg,Face Iris fingerprint Data\TestData\Lirisdatatest\106_3.jpg,Face Iris fingerprint Data\TestData\Lfingerdatatest\106_3.jpg
107_3,107,Face Iris fingerprint Data\TestData\facedatatest\107_3.jpg,Face Iris fingerprint Data\TestData\Lirisdatatest\107_3.jpg,Face Iris fingerprint Data\TestData\Lfingerdatatest\107_3.jpg
108_3,108,Face Iris fingerprint Data\TestData\facedatatest\108_3.jpg,Face Iris fingerprint Data\TestData\Lirisdatatest\108_3.jpg,Face Iris fingerprint Data\TestData\Lfingerdatatest\108_3.jpg
109_3,109,Face Iris fingerprint Data\TestData\facedatatest\109_3.jpg,Face Iris fingerprint Data\TestData\Lirisdatatest\109_3.jpg,Face Iris fingerprint Data\TestData\Lfingerdatatest\109_3.jpg
10_3,10,Face Iris fingerprint Data\TestData\facedatatest\10_3.jpg,Face Iris fingerprint Data\TestData\Lirisdatatest\10_3.jpg,Face Iris fingerprint Data\TestData\Lfingerdatatest\10_3.jpg
110_3,110,Face Iris fingerprint Data\TestData\facedatatest\110_3.jpg,Face Iris fingerprint Data\TestData\Lirisdatatest\110_3.jpg,Face Iris fingerprint Data\TestData\Lfingerdatatest\110_3.jpg
111_3,111,Face Iris fingerprint Data\TestData\facedatatest\111_3.jpg,Face Iris fingerprint Data\TestData\Lirisdatatest\111_3.jpg,Face Iris fingerprint Data\TestData\Lfingerdatatest\111_3.jpg
112_3,112,Face Iris fingerprint Data\TestData\facedatatest\112_3.jpg,Face Iris fingerprint Data\TestData\Lirisdatatest\112_3.jpg,Face Iris fingerprint Data\TestData\Lfingerdatatest\112_3.jpg
113_3,113,Face Iris fingerprint Data\TestData\facedatatest\113_3.jpg,Face Iris fingerprint Data\TestData\Lirisdatatest\113_3.jpg,Face Iris fingerprint Data\TestData\Lfingerdatatest\113_3.jpg
114_3,114,Face Iris fingerprint Data\TestData\facedatatest\114_3.jpg,Face Iris fingerprint Data\TestData\Lirisdatatest\114_3.jpg,Face Iris fingerprint Data\TestData\Lfingerdatatest\114_3.jpg
115_3,115,Face Iris fingerprint Data\TestData\facedatatest\115_3.jpg,Face Iris fingerprint Data\TestData\Lirisdatatest\115_3.jpg,Face Iris fingerprint Data\TestData\Lfingerdatatest\115_3.jpg
116_3,116,Face Iris fingerprint Data\TestData\facedatatest\116_3.jpg,Face Iris fingerprint Data\TestData\Lirisdatatest\116_3.jpg,Face Iris fingerprint Data\TestData\Lfingerdatatest\116_3.jpg
117_3,117,Face Iris fingerprint Data\TestData\facedatatest\117_3.jpg,Face Iris fingerprint Data\TestData\Lirisdatatest\117_3.jpg,Face Iris fingerprint Data\TestData\Lfingerdatatest\117_3.jpg
118_3,118,Face Iris fingerprint Data\TestData\facedatatest\118_3.jpg,Face Iris fingerprint Data\TestData\Lirisdatatest\118_3.jpg,Face Iris fingerprint Data\TestData\Lfingerdatatest\118_3.jpg
119_3,119,Face Iris fingerprint Data\TestData\facedatatest\119_3.jpg,Face Iris fingerprint Data\TestData\Lirisdatatest\119_3.jpg,Face Iris fingerprint Data\TestData\Lfingerdatatest\119_3.jpg
11_3,11,Face Iris fingerprint Data\TestData\facedatatest\11_3.jpg,Face Iris fingerprint Data\TestData\Lirisdatatest\11_3.jpg,Face Iris fingerprint Data\TestData\Lfingerdatatest\11_3.jpg
120_3,120,Face Iris fingerprint Data\TestData\facedatatest\120_3.jpg,Face Iris fingerprint Data\TestData\Lirisdatatest\120_3.jpg,Face Iris fingerprint Data\TestData\Lfingerdatatest\120_3.jpg
121_3,121,Face Iris fingerprint Data\TestData\facedatatest\121_3.jpg,Face Iris fingerprint Data\TestData\Lirisdatatest\121_3.jpg,Face Iris fingerprint Data\TestData\Lfingerdatatest\121_3.jpg
122_3,122,Face Iris fingerprint Data\TestData\facedatatest\122_3.jpg,Face Iris fingerprint Data\TestData\Lirisdatatest\122_3.jpg,Face Iris fingerprint Data\TestData\Lfingerdatatest\122_3.jpg
123_3,123,Face Iris fingerprint Data\TestData\facedatatest\123_3.jpg,Face Iris fingerprint Data\TestData\Lirisdatatest\123_3.jpg,Face Iris fingerprint Data\TestData\Lfingerdatatest\123_3.jpg
124_3,124,Face Iris fingerprint Data\TestData\facedatatest\124_3.jpg,Face Iris fingerprint Data\TestData\Lirisdatatest\124_3.jpg,Face Iris fingerprint Data\TestData\Lfingerdatatest\124_3.jpg
125_3,125,Face Iris fingerprint Data\TestData\facedatatest\125_3.jpg,Face Iris fingerprint Data\TestData\Lirisdatatest\125_3.jpg,Face Iris fingerprint Data\TestData\Lfingerdatatest\125_3.jpg
126_3,126,Face Iris fingerprint Data\TestData\facedatatest\126_3.jpg,Face Iris fingerprint Data\TestData\Lirisdatatest\126_3.jpg,Face Iris fingerprint Data\TestData\Lfingerdatatest\126_3.jpg
127_3,127,Face Iris fingerprint Data\TestData\facedatatest\127_3.jpg,Face Iris fingerprint Data\TestData\Lirisdatatest\127_3.jpg,Face Iris fingerprint Data\TestData\Lfingerdatatest\127_3.jpg
128_3,128,Face Iris fingerprint Data\TestData\facedatatest\128_3.jpg,Face Iris fingerprint Data\TestData\Lirisdatatest\128_3.jpg,Face Iris fingerprint Data\TestData\Lfingerdatatest\128_3.jpg
129_3,129,Face Iris fingerprint Data\TestData\facedatatest\129_3.jpg,Face Iris fingerprint Data\TestData\Lirisdatatest\129_3.jpg,Face Iris fingerprint Data\TestData\Lfingerdatatest\129_3.jpg
12_3,12,Face Iris fingerprint Data\TestData\facedatatest\12_3.jpg,Face Iris fingerprint Data\TestData\Lirisdatatest\12_3.jpg,Face Iris fingerprint Data\TestData\Lfingerdatatest\12_3.jpg
130_3,130,Face Iris fingerprint Data\TestData\facedatatest\130_3.jpg,Face Iris fingerprint Data\TestData\Lirisdatatest\130_3.jpg,Face Iris fingerprint Data\TestData\Lfingerdatatest\130_3.jpg
131_3,131,Face Iris fingerprint Data\TestData\facedatatest\131_3.jpg,Face Iris fingerprint Data\TestData\Lirisdatatest\131_3.jpg,Face Iris fingerprint Data\TestData\Lfingerdatatest\131_3.jpg
132_3,132,Face Iris fingerprint Data\TestData\facedatatest\132_3.jpg,Face Iris fingerprint Data\TestData\Lirisdatatest\132_3.jpg,Face Iris fingerprint Data\TestData\Lfingerdatatest\132_3.jpg
133_3,133,Face Iris fingerprint Data\TestData\facedatatest\133_3.jpg,Face Iris fingerprint Data\TestData\Lirisdatatest\133_3.jpg,Face Iris fingerprint Data\TestData\Lfingerdatatest\133_3.jpg
134_3,134,Face Iris fingerprint Data\TestData\facedatatest\134_3.jpg,Face Iris fingerprint Data\TestData\Lirisdatatest\134_3.jpg,Face Iris fingerprint Data\TestData\Lfingerdatatest\134_3.jpg
135_3,135,Face Iris fingerprint Data\TestData\facedatatest\135_3.jpg,Face Iris fingerprint Data\TestData\Lirisdatatest\135_3.jpg,Face Iris fingerprint Data\TestData\Lfingerdatatest\135_3.jpg
136_3,136,Face Iris fingerprint Data\TestData\facedatatest\136_3.jpg,Face Iris fingerprint Data\TestData\Lirisdatatest\136_3.jpg,Face Iris fingerprint Data\TestData\Lfingerdatatest\136_3.jpg
137_3,137,Face Iris fingerprint Data\TestData\facedatatest\137_3.jpg,Face Iris fingerprint Data\TestData\Lirisdatatest\137_3.jpg,Face Iris fingerprint Data\TestData\Lfingerdatatest\137_3.jpg
138_3,138,Face Iris fingerprint Data\TestData\facedatatest\138_3.jpg,Face Iris fingerprint Data\TestData\Lirisdatatest\138_3.jpg,Face Iris fingerprint Data\TestData\Lfingerdatatest\138_3.jpg
139_3,139,Face Iris fingerprint Data\TestData\facedatatest\139_3.jpg,Face Iris fingerprint Data\TestData\Lirisdatatest\139_3.jpg,Face Iris fingerprint Data\TestData\Lfingerdatatest\139_3.jpg
13_3,13,Face Iris fingerprint Data\TestData\facedatatest\13_3.jpg,Face Iris fingerprint Data\TestData\Lirisdatatest\13_3.jpg,Face Iris fingerprint Data\TestData\Lfingerdatatest\13_3.jpg
140_3,140,Face Iris fingerprint Data\TestData\facedatatest\140_3.jpg,Face Iris fingerprint Data\TestData\Lirisdatatest\140_3.jpg,Face Iris fingerprint Data\TestData\Lfingerdatatest\140_3.jpg
141_3,141,Face Iris fingerprint Data\TestData\facedatatest\141_3.jpg,Face Iris fingerprint Data\TestData\Lirisdatatest\141_3.jpg,Face Iris fingerprint Data\TestData\Lfingerdatatest\141_3.jpg
142_3,142,Face Iris fingerprint Data\TestData\facedatatest\142_3.jpg,Face Iris fingerprint Data\TestData\Lirisdatatest\142_3.jpg,Face Iris fingerprint Data\TestData\Lfingerdatatest\142_3.jpg
143_3,143,Face Iris fingerprint Data\TestData\facedatatest\143_3.jpg,Face Iris fingerprint Data\TestData\Lirisdatatest\143_3.jpg,Face Iris fingerprint Data\TestData\Lfingerdatatest\143_3.jpg
144_3,144,Face Iris fingerprint Data\TestData\facedatatest\144_3.jpg,Face Iris fingerprint Data\TestData\Lirisdatatest\144_3.jpg,Face Iris fingerprint Data\TestData\Lfingerdatatest\144_3.jpg
145_3,145,Face Iris fingerprint Data\TestData\facedatatest\145_3.jpg,Face Iris fingerprint Data\TestData\Lirisdatatest\145_3.jpg,Face Iris fingerprint Data\TestData\Lfingerdatatest\145_3.jpg
146_3,146,Face Iris fingerprint Data\TestData\facedatatest\146_3.jpg,Face Iris fingerprint Data\TestData\Lirisdatatest\146_3.jpg,Face Iris fingerprint Data\TestData\Lfingerdatatest\146_3.jpg
147_3,147,Face Iris fingerprint Data\TestData\facedatatest\147_3.jpg,Face Iris fingerprint Data\TestData\Lirisdatatest\147_3.jpg,Face Iris fingerprint Data\TestData\Lfingerdatatest\147_3.jpg
148_3,148,Face Iris fingerprint Data\TestData\facedatatest\148_3.jpg,Face Iris fingerprint Data\TestData\Lirisdatatest\148_3.jpg,Face Iris fingerprint Data\TestData\Lfingerdatatest\148_3.jpg
149_3,149,Face Iris fingerprint Data\TestData\facedatatest\149_3.jpg,Face Iris fingerprint Data\TestData\Lirisdatatest\149_3.jpg,Face Iris fingerprint Data\TestData\Lfingerdatatest\149_3.jpg
14_3,14,Face Iris fingerprint Data\TestData\facedatatest\14_3.jpg,Face Iris fingerprint Data\TestData\Lirisdatatest\14_3.jpg,Face Iris fingerprint Data\TestData\Lfingerdatatest\14_3.jpg
150_3,150,Face Iris fingerprint Data\TestData\facedatatest\150_3.jpg,Face Iris fingerprint Data\TestData\Lirisdatatest\150_3.jpg,Face Iris fingerprint Data\TestData\Lfingerdatatest\150_3.jpg
151_3,151,Face Iris fingerprint Data\TestData\facedatatest\151_3.jpg,Face Iris fingerprint Data\TestData\Lirisdatatest\151_3.jpg,Face Iris fingerprint Data\TestData\Lfingerdatatest\151_3.jpg
152_3,152,Face Iris fingerprint Data\TestData\facedatatest\152_3.jpg,Face Iris fingerprint Data\TestData\Lirisdatatest\152_3.jpg,Face Iris fingerprint Data\TestData\Lfingerdatatest\152_3.jpg
153_3,153,Face Iris fingerprint Data\TestData\facedatatest\153_3.jpg,Face Iris fingerprint Data\TestData\Lirisdatatest\153_3.jpg,Face Iris fingerprint Data\TestData\Lfingerdatatest\153_3.jpg
154_3,154,Face Iris fingerprint Data\TestData\facedatatest\154_3.jpg,Face Iris fingerprint Data\TestData\Lirisdatatest\154_3.jpg,Face Iris fingerprint Data\TestData\Lfingerdatatest\154_3.jpg
155_3,155,Face Iris fingerprint Data\TestData\facedatatest\155_3.jpg,Face Iris fingerprint Data\TestData\Lirisdatatest\155_3.jpg,Face Iris fingerprint Data\TestData\Lfingerdatatest\155_3.jpg
156_3,156,Face Iris fingerprint Data\TestData\facedatatest\156_3.jpg,Face Iris fingerprint Data\TestData\Lirisdatatest\156_3.jpg,Face Iris fingerprint Data\TestData\Lfingerdatatest\156_3.jpg
157_3,157,Face Iris fingerprint Data\TestData\facedatatest\157_3.jpg,Face Iris fingerprint Data\TestData\Lirisdatatest\157_3.jpg,Face Iris fingerprint Data\TestData\Lfingerdatatest\157_3.jpg
158_3,158,Face Iris fingerprint Data\TestData\facedatatest\158_3.jpg,Face Iris fingerprint Data\TestData\Lirisdatatest\158_3.jpg,Face Iris fingerprint Data\TestData\Lfingerdatatest\158_3.jpg
159_3,159,Face Iris fingerprint Data\TestData\facedatatest\159_3.jpg,Face Iris fingerprint Data\TestData\Lirisdatatest\159_3.jpg,Face Iris fingerprint Data\TestData\Lfingerdatatest\159_3.jpg
15_3,15,Face Iris fingerprint Data\TestData\facedatatest\15_3.jpg,Face Iris fingerprint Data\TestData\Lirisdatatest\15_3.jpg,Face Iris fingerprint Data\TestData\Lfingerdatatest\15_3.jpg
160_3,160,Face Iris fingerprint Data\TestData\facedatatest\160_3.jpg,Face Iris fingerprint Data\TestData\Lirisdatatest\160_3.jpg,Face Iris fingerprint Data\TestData\Lfingerdatatest\160_3.jpg
161_3,161,Face Iris fingerprint Data\TestData\facedatatest\161_3.jpg,Face Iris fingerprint Data\TestData\Lirisdatatest\161_3.jpg,Face Iris fingerprint Data\TestData\Lfingerdatatest\161_3.jpg
162_3,162,Face Iris fingerprint Data\TestData\facedatatest\162_3.jpg,Face Iris fingerprint Data\TestData\Lirisdatatest\162_3.jpg,Face Iris fingerprint Data\TestData\Lfingerdatatest\162_3.jpg
163_3,163,Face Iris fingerprint Data\TestData\facedatatest\163_3.jpg,Face Iris fingerprint Data\TestData\Lirisdatatest\163_3.jpg,Face Iris fingerprint Data\TestData\Lfingerdatatest\163_3.jpg
164_3,164,Face Iris fingerprint Data\TestData\facedatatest\164_3.jpg,Face Iris fingerprint Data\TestData\Lirisdatatest\164_3.jpg,Face Iris fingerprint Data\TestData\Lfingerdatatest\164_3.jpg
165_3,165,Face Iris fingerprint Data\TestData\facedatatest\165_3.jpg,Face Iris fingerprint Data\TestData\Lirisdatatest\165_3.jpg,Face Iris fingerprint Data\TestData\Lfingerdatatest\165_3.jpg
166_3,166,Face Iris fingerprint Data\TestData\facedatatest\166_3.jpg,Face Iris fingerprint Data\TestData\Lirisdatatest\166_3.jpg,Face Iris fingerprint Data\TestData\Lfingerdatatest\166_3.jpg
167_3,167,Face Iris fingerprint Data\TestData\facedatatest\167_3.jpg,Face Iris fingerprint Data\TestData\Lirisdatatest\167_3.jpg,Face Iris fingerprint Data\TestData\Lfingerdatatest\167_3.jpg
168_3,168,Face Iris fingerprint Data\TestData\facedatatest\168_3.jpg,Face Iris fingerprint Data\TestData\Lirisdatatest\168_3.jpg,Face Iris fingerprint Data\TestData\Lfingerdatatest\168_3.jpg
169_3,169,Face Iris fingerprint Data\TestData\facedatatest\169_3.jpg,Face Iris fingerprint Data\TestData\Lirisdatatest\169_3.jpg,Face Iris fingerprint Data\TestData\Lfingerdatatest\169_3.jpg
16_3,16,Face Iris fingerprint Data\TestData\facedatatest\16_3.jpg,Face Iris fingerprint Data\TestData\Lirisdatatest\16_3.jpg,Face Iris fingerprint Data\TestData\Lfingerdatatest\16_3.jpg
170_3,170,Face Iris fingerprint Data\TestData\facedatatest\170_3.jpg,Face Iris fingerprint Data\TestData\Lirisdatatest\170_3.jpg,Face Iris fingerprint Data\TestData\Lfingerdatatest\170_3.jpg
17_3,17,Face Iris fingerprint Data\TestData\facedatatest\17_3.jpg,Face Iris fingerprint Data\TestData\Lirisdatatest\17_3.jpg,Face Iris fingerprint Data\TestData\Lfingerdatatest\17_3.jpg
18_3,18,Face Iris fingerprint Data\TestData\facedatatest\18_3.jpg,Face Iris fingerprint Data\TestData\Lirisdatatest\18_3.jpg,Face Iris fingerprint Data\TestData\Lfingerdatatest\18_3.jpg
19_3,19,Face Iris fingerprint Data\TestData\facedatatest\19_3.jpg,Face Iris fingerprint Data\TestData\Lirisdatatest\19_3.jpg,Face Iris fingerprint Data\TestData\Lfingerdatatest\19_3.jpg
1_3,1,Face Iris fingerprint Data\TestData\facedatatest\1_3.jpg,Face Iris fingerprint Data\TestData\Lirisdatatest\1_3.jpg,Face Iris fingerprint Data\TestData\Lfingerdatatest\1_3.jpg
20_3,20,Face Iris fingerprint Data\TestData\facedatatest\20_3.jpg,Face Iris fingerprint Data\TestData\Lirisdatatest\20_3.jpg,Face Iris fingerprint Data\TestData\Lfingerdatatest\20_3.jpg
21_3,21,Face Iris fingerprint Data\TestData\facedatatest\21_3.jpg,Face Iris fingerprint Data\TestData\Lirisdatatest\21_3.jpg,Face Iris fingerprint Data\TestData\Lfingerdatatest\21_3.jpg
22_3,22,Face Iris fingerprint Data\TestData\facedatatest\22_3.jpg,Face Iris fingerprint Data\TestData\Lirisdatatest\22_3.jpg,Face Iris fingerprint Data\TestData\Lfingerdatatest\22_3.jpg
23_3,23,Face Iris fingerprint Data\TestData\facedatatest\23_3.jpg,Face Iris fingerprint Data\TestData\Lirisdatatest\23_3.jpg,Face Iris fingerprint Data\TestData\Lfingerdatatest\23_3.jpg
24_3,24,Face Iris fingerprint Data\TestData\facedatatest\24_3.jpg,Face Iris fingerprint Data\TestData\Lirisdatatest\24_3.jpg,Face Iris fingerprint Data\TestData\Lfingerdatatest\24_3.jpg
25_3,25,Face Iris fingerprint Data\TestData\facedatatest\25_3.jpg,Face Iris fingerprint Data\TestData\Lirisdatatest\25_3.jpg,Face Iris fingerprint Data\TestData\Lfingerdatatest\25_3.jpg
26_3,26,Face Iris fingerprint Data\TestData\facedatatest\26_3.jpg,Face Iris fingerprint Data\TestData\Lirisdatatest\26_3.jpg,Face Iris fingerprint Data\TestData\Lfingerdatatest\26_3.jpg
27_3,27,Face Iris fingerprint Data\TestData\facedatatest\27_3.jpg,Face Iris fingerprint Data\TestData\Lirisdatatest\27_3.jpg,Face Iris fingerprint Data\TestData\Lfingerdatatest\27_3.jpg
28_3,28,Face Iris fingerprint Data\TestData\facedatatest\28_3.jpg,Face Iris fingerprint Data\TestData\Lirisdatatest\28_3.jpg,Face Iris fingerprint Data\TestData\Lfingerdatatest\28_3.jpg
29_3,29,Face Iris fingerprint Data\TestData\facedatatest\29_3.jpg,Face Iris fingerprint Data\TestData\Lirisdatatest\29_3.jpg,Face Iris fingerprint Data\TestData\Lfingerdatatest\29_3.jpg
2_3,2,Face Iris fingerprint Data\TestData\facedatatest\2_3.jpg,Face Iris fingerprint Data\TestData\Lirisdatatest\2_3.jpg,Face Iris fingerprint Data\TestData\Lfingerdatatest\2_3.jpg
30_3,30,Face Iris fingerprint Data\TestData\facedatatest\30_3.jpg,Face Iris fingerprint Data\TestData\Lirisdatatest\30_3.jpg,Face Iris fingerprint Data\TestData\Lfingerdatatest\30_3.jpg
31_3,31,Face Iris fingerprint Data\TestData\facedatatest\31_3.jpg,Face Iris fingerprint Data\TestData\Lirisdatatest\31_3.jpg,Face Iris fingerprint Data\TestData\Lfingerdatatest\31_3.jpg
32_3,32,Face Iris fingerprint Data\TestData\facedatatest\32_3.jpg,Face Iris fingerprint Data\TestData\Lirisdatatest\32_3.jpg,Face Iris fingerprint Data\TestData\Lfingerdatatest\32_3.jpg
33_3,33,Face Iris fingerprint Data\TestData\facedatatest\33_3.jpg,Face Iris fingerprint Data\TestData\Lirisdatatest\33_3.jpg,Face Iris fingerprint Data\TestData\Lfingerdatatest\33_3.jpg
34_3,34,Face Iris fingerprint Data\TestData\facedatatest\34_3.jpg,Face Iris fingerprint Data\TestData\Lirisdatatest\34_3.jpg,Face Iris fingerprint Data\TestData\Lfingerdatatest\34_3.jpg
35_3,35,Face Iris fingerprint Data\TestData\facedatatest\35_3.jpg,Face Iris fingerprint Data\TestData\Lirisdatatest\35_3.jpg,Face Iris fingerprint Data\TestData\Lfingerdatatest\35_3.jpg
37_3,37,Face Iris fingerprint Data\TestData\facedatatest\37_3.jpg,Face Iris fingerprint Data\TestData\Lirisdatatest\37_3.jpg,Face Iris fingerprint Data\TestData\Lfingerdatatest\37_3.jpg
38_3,38,Face Iris fingerprint Data\TestData\facedatatest\38_3.jpg,Face Iris fingerprint Data\TestData\Lirisdatatest\38_3.jpg,Face Iris fingerprint Data\TestData\Lfingerdatatest\38_3.jpg
39_3,39,Face Iris fingerprint Data\TestData\facedatatest\39_3.jpg,Face Iris fingerprint Data\TestData\Lirisdatatest\39_3.jpg,Face Iris fingerprint Data\TestData\Lfingerdatatest\39_3.jpg
3_3,3,Face Iris fingerprint Data\TestData\facedatatest\3_3.jpg,Face Iris fingerprint Data\TestData\Lirisdatatest\3_3.jpg,Face Iris fingerprint Data\TestData\Lfingerdatatest\3_3.jpg
40_3,40,Face Iris fingerprint Data\TestData\facedatatest\40_3.jpg,Face Iris fingerprint Data\TestData\Lirisdatatest\40_3.jpg,Face Iris fingerprint Data\TestData\Lfingerdatatest\40_3.jpg
41_3,41,Face Iris fingerprint Data\TestData\facedatatest\41_3.jpg,Face Iris fingerprint Data\TestData\Lirisdatatest\41_3.jpg,Face Iris fingerprint Data\TestData\Lfingerdatatest\41_3.jpg
42_3,42,Face Iris fingerprint Data\TestData\facedatatest\42_3.jpg,Face Iris fingerprint Data\TestData\Lirisdatatest\42_3.jpg,Face Iris fingerprint Data\TestData\Lfingerdatatest\42_3.jpg
43_3,43,Face Iris fingerprint Data\TestData\facedatatest\43_3.jpg,Face Iris fingerprint Data\TestData\Lirisdatatest\43_3.jpg,Face Iris fingerprint Data\TestData\Lfingerdatatest\43_3.jpg
44_3,44,Face Iris fingerprint Data\TestData\facedatatest\44_3.jpg,Face Iris fingerprint Data\TestData\Lirisdatatest\44_3.jpg,Face Iris fingerprint Data\TestData\Lfingerdatatest\44_3.jpg
45_3,45,Face Iris fingerprint Data\TestData\facedatatest\45_3.jpg,Face Iris fingerprint Data\TestData\Lirisdatatest\45_3.jpg,Face Iris fingerprint Data\TestData\Lfingerdatatest\45_3.jpg
46_3,46,Face Iris fingerprint Data\TestData\facedatatest\46_3.jpg,Face Iris fingerprint Data\TestData\Lirisdatatest\46_3.jpg,Face Iris fingerprint Data\TestData\Lfingerdatatest\46_3.jpg
47_3,47,Face Iris fingerprint Data\TestData\facedatatest\47_3.jpg,Face Iris fingerprint Data\TestData\Lirisdatatest\47_3.jpg,Face Iris fingerprint Data\TestData\Lfingerdatatest\47_3.jpg
48_3,48,Face Iris fingerprint Data\TestData\facedatatest\48_3.jpg,Face Iris fingerprint Data\TestData\Lirisdatatest\48_3.jpg,Face Iris fingerprint Data\TestData\Lfingerdatatest\48_3.jpg
49_3,49,Face Iris fingerprint Data\TestData\facedatatest\49_3.jpg,Face Iris fingerprint Data\TestData\Lirisdatatest\49_3.jpg,Face Iris fingerprint Data\TestData\Lfingerdatatest\49_3.jpg
4_3,4,Face Iris fingerprint Data\TestData\facedatatest\4_3.jpg,Face Iris fingerprint Data\TestData\Lirisdatatest\4_3.jpg,Face Iris fingerprint Data\TestData\Lfingerdatatest\4_3.jpg
50_3,50,Face Iris fingerprint Data\TestData\facedatatest\50_3.jpg,Face Iris fingerprint Data\TestData\Lirisdatatest\50_3.jpg,Face Iris fingerprint Data\TestData\Lfingerdatatest\50_3.jpg
51_3,51,Face Iris fingerprint Data\TestData\facedatatest\51_3.jpg,Face Iris fingerprint Data\TestData\Lirisdatatest\51_3.jpg,Face Iris fingerprint Data\TestData\Lfingerdatatest\51_3.jpg
52_3,52,Face Iris fingerprint Data\TestData\facedatatest\52_3.jpg,Face Iris fingerprint Data\TestData\Lirisdatatest\52_3.jpg,Face Iris fingerprint Data\TestData\Lfingerdatatest\52_3.jpg
53_3,53,Face Iris fingerprint Data\TestData\facedatatest\53_3.jpg,Face Iris fingerprint Data\TestData\Lirisdatatest\53_3.jpg,Face Iris fingerprint Data\TestData\Lfingerdatatest\53_3.jpg
54_3,54,Face Iris fingerprint Data\TestData\facedatatest\54_3.jpg,Face Iris fingerprint Data\TestData\Lirisdatatest\54_3.jpg,Face Iris fingerprint Data\TestData\Lfingerdatatest\54_3.jpg
55_3,55,Face Iris fingerprint Data\TestData\facedatatest\55_3.jpg,Face Iris fingerprint Data\TestData\Lirisdatatest\55_3.jpg,Face Iris fingerprint Data\TestData\Lfingerdatatest\55_3.jpg
56_3,56,Face Iris fingerprint Data\TestData\facedatatest\56_3.jpg,Face Iris fingerprint Data\TestData\Lirisdatatest\56_3.jpg,Face Iris fingerprint Data\TestData\Lfingerdatatest\56_3.jpg
57_3,57,Face Iris fingerprint Data\TestData\facedatatest\57_3.jpg,Face Iris fingerprint Data\TestData\Lirisdatatest\57_3.jpg,Face Iris fingerprint Data\TestData\Lfingerdatatest\57_3.jpg
58_3,58,Face Iris fingerprint Data\TestData\facedatatest\58_3.jpg,Face Iris fingerprint Data\TestData\Lirisdatatest\58_3.jpg,Face Iris fingerprint Data\TestData\Lfingerdatatest\58_3.jpg
59_3,59,Face Iris fingerprint Data\TestData\facedatatest\59_3.jpg,Face Iris fingerprint Data\TestData\Lirisdatatest\59_3.jpg,Face Iris fingerprint Data\TestData\Lfingerdatatest\59_3.jpg
5_3,5,Face Iris fingerprint Data\TestData\facedatatest\5_3.jpg,Face Iris fingerprint Data\TestData\Lirisdatatest\5_3.jpg,Face Iris fingerprint Data\TestData\Lfingerdatatest\5_3.jpg
61_3,61,Face Iris fingerprint Data\TestData\facedatatest\61_3.jpg,Face Iris fingerprint Data\TestData\Lirisdatatest\61_3.jpg,Face Iris fingerprint Data\TestData\Lfingerdatatest\61_3.jpg
62_3,62,Face Iris fingerprint Data\TestData\facedatatest\62_3.jpg,Face Iris fingerprint Data\TestData\Lirisdatatest\62_3.jpg,Face Iris fingerprint Data\TestData\Lfingerdatatest\62_3.jpg
63_3,63,Face Iris fingerprint Data\TestData\facedatatest\63_3.jpg,Face Iris fingerprint Data\TestData\Lirisdatatest\63_3.jpg,Face Iris fingerprint Data\TestData\Lfingerdatatest\63_3.jpg
64_3,64,Face Iris fingerprint Data\TestData\facedatatest\64_3.jpg,Face Iris fingerprint Data\TestData\Lirisdatatest\64_3.jpg,Face Iris fingerprint Data\TestData\Lfingerdatatest\64_3.jpg
65_3,65,Face Iris fingerprint Data\TestData\facedatatest\65_3.jpg,Face Iris fingerprint Data\TestData\Lirisdatatest\65_3.jpg,Face Iris fingerprint Data\TestData\Lfingerdatatest\65_3.jpg
66_3,66,Face Iris fingerprint Data\TestData\facedatatest\66_3.jpg,Face Iris fingerprint Data\TestData\Lirisdatatest\66_3.jpg,Face Iris fingerprint Data\TestData\Lfingerdatatest\66_3.jpg
67_3,67,Face Iris fingerprint Data\TestData\facedatatest\67_3.jpg,Face Iris fingerprint Data\TestData\Lirisdatatest\67_3.jpg,Face Iris fingerprint Data\TestData\Lfingerdatatest\67_3.jpg
68_3,68,Face Iris fingerprint Data\TestData\facedatatest\68_3.jpg,Face Iris fingerprint Data\TestData\Lirisdatatest\68_3.jpg,Face Iris fingerprint Data\TestData\Lfingerdatatest\68_3.jpg
69_3,69,Face Iris fingerprint Data\TestData\facedatatest\69_3.jpg,Face Iris fingerprint Data\TestData\Lirisdatatest\69_3.jpg,Face Iris fingerprint Data\TestData\Lfingerdatatest\69_3.jpg
6_3,6,Face Iris fingerprint Data\TestData\facedatatest\6_3.jpg,Face Iris fingerprint Data\TestData\Lirisdatatest\6_3.jpg,Face Iris fingerprint Data\TestData\Lfingerdatatest\6_3.jpg
70_3,70,Face Iris fingerprint Data\TestData\facedatatest\70_3.jpg,Face Iris fingerprint Data\TestData\Lirisdatatest\70_3.jpg,Face Iris fingerprint Data\TestData\Lfingerdatatest\70_3.jpg
71_3,71,Face Iris fingerprint Data\TestData\facedatatest\71_3.jpg,Face Iris fingerprint Data\TestData\Lirisdatatest\71_3.jpg,Face Iris fingerprint Data\TestData\Lfingerdatatest\71_3.jpg
72_3,72,Face Iris fingerprint Data\TestData\facedatatest\72_3.jpg,Face Iris fingerprint Data\TestData\Lirisdatatest\72_3.jpg,Face Iris fingerprint Data\TestData\Lfingerdatatest\72_3.jpg
73_3,73,Face Iris fingerprint Data\TestData\facedatatest\73_3.jpg,Face Iris fingerprint Data\TestData\Lirisdatatest\73_3.jpg,Face Iris fingerprint Data\TestData\Lfingerdatatest\73_3.jpg
74_3,74,Face Iris fingerprint Data\TestData\facedatatest\74_3.jpg,Face Iris fingerprint Data\TestData\Lirisdatatest\74_3.jpg,Face Iris fingerprint Data\TestData\Lfingerdatatest\74_3.jpg
75_3,75,Face Iris fingerprint Data\TestData\facedatatest\75_3.jpg,Face Iris fingerprint Data\TestData\Lirisdatatest\75_3.jpg,Face Iris fingerprint Data\TestData\Lfingerdatatest\75_3.jpg
76_3,76,Face Iris fingerprint Data\TestData\facedatatest\76_3.jpg,Face Iris fingerprint Data\TestData\Lirisdatatest\76_3.jpg,Face Iris fingerprint Data\TestData\Lfingerdatatest\76_3.jpg
77_3,77,Face Iris fingerprint Data\TestData\facedatatest\77_3.jpg,Face Iris fingerprint Data\TestData\Lirisdatatest\77_3.jpg,Face Iris fingerprint Data\TestData\Lfingerdatatest\77_3.jpg
78_3,78,Face Iris fingerprint Data\TestData\facedatatest\78_3.jpg,Face Iris fingerprint Data\TestData\Lirisdatatest\78_3.jpg,Face Iris fingerprint Data\TestData\Lfingerdatatest\78_3.jpg
79_3,79,Face Iris fingerprint Data\TestData\facedatatest\79_3.jpg,Face Iris fingerprint Data\TestData\Lirisdatatest\79_3.jpg,Face Iris fingerprint Data\TestData\Lfingerdatatest\79_3.jpg
7_3,7,Face Iris fingerprint Data\TestData\facedatatest\7_3.jpg,Face Iris fingerprint Data\TestData\Lirisdatatest\7_3.jpg,Face Iris fingerprint Data\TestData\Lfingerdatatest\7_3.jpg
80_3,80,Face Iris fingerprint Data\TestData\facedatatest\80_3.jpg,Face Iris fingerprint Data\TestData\Lirisdatatest\80_3.jpg,Face Iris fingerprint Data\TestData\Lfingerdatatest\80_3.jpg
81_3,81,Face Iris fingerprint Data\TestData\facedatatest\81_3.jpg,Face Iris fingerprint Data\TestData\Lirisdatatest\81_3.jpg,Face Iris fingerprint Data\TestData\Lfingerdatatest\81_3.jpg
82_3,82,Face Iris fingerprint Data\TestData\facedatatest\82_3.jpg,Face Iris fingerprint Data\TestData\Lirisdatatest\82_3.jpg,Face Iris fingerprint Data\TestData\Lfingerdatatest\82_3.jpg
83_3,83,Face Iris fingerprint Data\TestData\facedatatest\83_3.jpg,Face Iris fingerprint Data\TestData\Lirisdatatest\83_3.jpg,Face Iris fingerprint Data\TestData\Lfingerdatatest\83_3.jpg
84_3,84,Face Iris fingerprint Data\TestData\facedatatest\84_3.jpg,Face Iris fingerprint Data\TestData\Lirisdatatest\84_3.jpg,Face Iris fingerprint Data\TestData\Lfingerdatatest\84_3.jpg
85_3,85,Face Iris fingerprint Data\TestData\facedatatest\85_3.jpg,Face Iris fingerprint Data\TestData\Lirisdatatest\85_3.jpg,Face Iris fingerprint Data\TestData\Lfingerdatatest\85_3.jpg
86_3,86,Face Iris fingerprint Data\TestData\facedatatest\86_3.jpg,Face Iris fingerprint Data\TestData\Lirisdatatest\86_3.jpg,Face Iris fingerprint Data\TestData\Lfingerdatatest\86_3.jpg
87_3,87,Face Iris fingerprint Data\TestData\facedatatest\87_3.jpg,Face Iris fingerprint Data\TestData\Lirisdatatest\87_3.jpg,Face Iris fingerprint Data\TestData\Lfingerdatatest\87_3.jpg
88_3,88,Face Iris fingerprint Data\TestData\facedatatest\88_3.jpg,Face Iris fingerprint Data\TestData\Lirisdatatest\88_3.jpg,Face Iris fingerprint Data\TestData\Lfingerdatatest\88_3.jpg
89_3,89,Face Iris fingerprint Data\TestData\facedatatest\89_3.jpg,Face Iris fingerprint Data\TestData\Lirisdatatest\89_3.jpg,Face Iris fingerprint Data\TestData\Lfingerdatatest\89_3.jpg
8_3,8,Face Iris fingerprint Data\TestData\facedatatest\8_3.jpg,Face Iris fingerprint Data\TestData\Lirisdatatest\8_3.jpg,Face Iris fingerprint Data\TestData\Lfingerdatatest\8_3.jpg
90_3,90,Face Iris fingerprint Data\TestData\facedatatest\90_3.jpg,Face Iris fingerprint Data\TestData\Lirisdatatest\90_3.jpg,Face Iris fingerprint Data\TestData\Lfingerdatatest\90_3.jpg
91_3,91,Face Iris fingerprint Data\TestData\facedatatest\91_3.jpg,Face Iris fingerprint Data\TestData\Lirisdatatest\91_3.jpg,Face Iris fingerprint Data\TestData\Lfingerdatatest\91_3.jpg
92_3,92,Face Iris fingerprint Data\TestData\facedatatest\92_3.jpg,Face Iris fingerprint Data\TestData\Lirisdatatest\92_3.jpg,Face Iris fingerprint Data\TestData\Lfingerdatatest\92_3.jpg
93_3,93,Face Iris fingerprint Data\TestData\facedatatest\93_3.jpg,Face Iris fingerprint Data\TestData\Lirisdatatest\93_3.jpg,Face Iris fingerprint Data\TestData\Lfingerdatatest\93_3.jpg
94_3,94,Face Iris fingerprint Data\TestData\facedatatest\94_3.jpg,Face Iris fingerprint Data\TestData\Lirisdatatest\94_3.jpg,Face Iris fingerprint Data\TestData\Lfingerdatatest\94_3.jpg
95_3,95,Face Iris fingerprint Data\TestData\facedatatest\95_3.jpg,Face Iris fingerprint Data\TestData\Lirisdatatest\95_3.jpg,Face Iris fingerprint Data\TestData\Lfingerdatatest\95_3.jpg
96_3,96,Face Iris fingerprint Data\TestData\facedatatest\96_3.jpg,Face Iris fingerprint Data\TestData\Lirisdatatest\96_3.jpg,Face Iris fingerprint Data\TestData\Lfingerdatatest\96_3.jpg
97_3,97,Face Iris fingerprint Data\TestData\facedatatest\97_3.jpg,Face Iris fingerprint Data\TestData\Lirisdatatest\97_3.jpg,Face Iris fingerprint Data\TestData\Lfingerdatatest\97_3.jpg
98_3,98,Face Iris fingerprint Data\TestData\facedatatest\98_3.jpg,Face Iris fingerprint Data\TestData\Lirisdatatest\98_3.jpg,Face Iris fingerprint Data\TestData\Lfingerdatatest\98_3.jpg
99_3,99,Face Iris fingerprint Data\TestData\facedatatest\99_3.jpg,Face Iris fingerprint Data\TestData\Lirisdatatest\99_3.jpg,Face Iris fingerprint Data\TestData\Lfingerdatatest\99_3.jpg
9_3,9,Face Iris fingerprint Data\TestData\facedatatest\9_3.jpg,Face Iris fingerprint Data\TestData\Lirisdatatest\9_3.jpg,Face Iris fingerprint Data\TestData\Lfingerdatatest\9_3.jpg
